BuyHold,Strategy_gross,Strategy_net,Turnover,TxCost
,,,,
-0.01099963605293941,-0.0,-0.0,0.0,0.0
0.00041211871861968064,0.00041211871861968064,-0.0005878812813803194,1.0,0.001
-0.019558447957922165,-0.019558447957922165,-0.019558447957922165,0.0,0.0
0.028977919960195386,0.028977919960195386,0.028977919960195386,0.0,0.0
-0.002040496765064903,-0.002040496765064903,-0.002040496765064903,0.0,0.0
-0.0026585694001572957,-0.0026585694001572957,-0.0026585694001572957,0.0,0.0
0.009072880890751867,0.009072880890751867,0.009072880890751867,0.0,0.0
0.03901240367555703,0.03901240367555703,0.03901240367555703,0.0,0.0
0.011000502182779925,0.011000502182779925,0.011000502182779925,0.0,0.0
-0.018714741019826953,-0.018714741019826953,-0.018714741019826953,0.0,0.0
0.00039405119680169243,0.00039405119680169243,0.00039405119680169243,0.0,0.0
-0.009753907087388991,-0.009753907087388991,-0.009753907087388991,0.0,0.0
0.007810654499106118,0.007810654499106118,0.007810654499106118,0.0,0.0
0.03904423533357182,0.03904423533357182,0.03904423533357182,0.0,0.0
-0.004227839021725632,-0.004227839021725632,-0.004227839021725632,0.0,0.0
-0.009446499878222658,-0.009446499878222658,-0.009446499878222658,0.0,0.0
0.0034196615442685374,0.0034196615442685374,0.0034196615442685374,0.0,0.0
-0.002687979847696531,-0.002687979847696531,-0.002687979847696531,0.0,0.0
0.0019252790233714734,0.0019252790233714734,0.0019252790233714734,0.0,0.0
0.006869229828526668,0.006869229828526668,0.006869229828526668,0.0,0.0
-0.004961911546401909,-0.004961911546401909,-0.004961911546401909,0.0,0.0
0.0058497350739059595,0.0058497350739059595,0.0058497350739059595,0.0,0.0
-0.026693456925761083,-0.026693456925761083,-0.026693456925761083,0.0,0.0
0.0396197900192532,0.0396197900192532,0.0396197900192532,0.0,0.0
-0.020209580567938867,-0.020209580567938867,-0.020209580567938867,0.0,0.0
0.015337742801892817,0.015337742801892817,0.015337742801892817,0.0,0.0
-0.004735386538499031,-0.004735386538499031,-0.004735386538499031,0.0,0.0
0.003378354651259796,0.003378354651259796,0.003378354651259796,0.0,0.0
0.04893497299252947,0.04893497299252947,0.04893497299252947,0.0,0.0
-0.01903158312907638,-0.01903158312907638,-0.01903158312907638,0.0,0.0
0.006456365247117901,0.006456365247117901,0.006456365247117901,0.0,0.0
-0.006873233808975643,-0.006873233808975643,-0.006873233808975643,0.0,0.0
-0.03455752004724,-0.03455752004724,-0.03455752004724,0.0,0.0
-0.007598349269195115,-0.007598349269195115,-0.007598349269195115,0.0,0.0
0.008475333030016907,0.008475333030016907,0.008475333030016907,0.0,0.0
-0.0032470615268626046,-0.0032470615268626046,-0.0032470615268626046,0.0,0.0
0.016431911741533467,0.016431911741533467,0.016431911741533467,0.0,0.0
0.0,0.0,0.0,0.0,0.0
0.00853092096566943,0.00853092096566943,0.00853092096566943,0.0,0.0
0.015702129895792227,0.015702129895792227,0.015702129895792227,0.0,0.0
0.03096539579537949,0.03096539579537949,0.03096539579537949,0.0,0.0
-0.00035693559633631633,-0.00035693559633631633,-0.00035693559633631633,0.0,0.0
0.005178654249482051,0.005178654249482051,0.005178654249482051,0.0,0.0
0.01394637104133234,0.01394637104133234,0.01394637104133234,0.0,0.0
0.005344094807125055,0.005344094807125055,0.005344094807125055,0.0,0.0
0.02592472183537531,0.02592472183537531,0.02592472183537531,0.0,0.0
0.016605725500093094,0.016605725500093094,0.016605725500093094,0.0,0.0
-0.0022977126910792567,-0.0022977126910792567,-0.0022977126910792567,0.0,0.0
-0.0008374269527469114,-0.0008374269527469114,-0.0008374269527469114,0.0,0.0
0.0023891488328133814,0.0023891488328133814,0.0023891488328133814,0.0,0.0
-0.009699682342230842,-0.009699682342230842,-0.009699682342230842,0.0,0.0
-0.01920910753671179,-0.01920910753671179,-0.01920910753671179,0.0,0.0
0.012827348342371758,0.012827348342371758,0.012827348342371758,0.0,0.0
0.01959218305674404,0.01959218305674404,0.01959218305674404,0.0,0.0
-0.016006101090878966,-0.016006101090878966,-0.016006101090878966,0.0,0.0
0.004193551240354809,0.004193551240354809,0.004193551240354809,0.0,0.0
0.012106779174109406,0.012106779174109406,0.012106779174109406,0.0,0.0
0.0018754134328913263,0.0018754134328913263,0.0018754134328913263,0.0,0.0
0.010982775688676893,0.010982775688676893,0.010982775688676893,0.0,0.0
0.005349200473466542,0.005349200473466542,0.005349200473466542,0.0,0.0
0.031352449311847996,0.031352449311847996,0.031352449311847996,0.0,0.0
-0.018652195540231786,-0.018652195540231786,-0.018652195540231786,0.0,0.0
-0.006915503850326132,-0.006915503850326132,-0.006915503850326132,0.0,0.0
0.013682531537463793,0.013682531537463793,0.013682531537463793,0.0,0.0
0.0014061315245499362,0.0014061315245499362,0.0014061315245499362,0.0,0.0
-0.005375327303009381,-0.005375327303009381,-0.005375327303009381,0.0,0.0
0.008751942483107067,0.008751942483107067,0.008751942483107067,0.0,0.0
0.010995383313077145,0.010995383313077145,0.010995383313077145,0.0,0.0
-0.009412430141261807,-0.009412430141261807,-0.009412430141261807,0.0,0.0
-0.04104132085272594,-0.04104132085272594,-0.04104132085272594,0.0,0.0
0.032347914660726174,0.032347914660726174,0.032347914660726174,0.0,0.0
-0.009799293177136126,-0.009799293177136126,-0.009799293177136126,0.0,0.0
0.0010993514598764964,0.0010993514598764964,0.0010993514598764964,0.0,0.0
-0.03815932294900859,-0.03815932294900859,-0.03815932294900859,0.0,0.0
0.016495299263061147,0.016495299263061147,0.016495299263061147,0.0,0.0
0.028294094831441186,0.028294094831441186,0.028294094831441186,0.0,0.0
0.014688828819107824,0.014688828819107824,0.014688828819107824,0.0,0.0
0.013917521756608098,0.013917521756608098,0.013917521756608098,0.0,0.0
-0.01046177103510959,-0.01046177103510959,-0.01046177103510959,0.0,0.0
0.04523231498131164,0.04523231498131164,0.04523231498131164,0.0,0.0
0.018709184363656206,0.018709184363656206,0.018709184363656206,0.0,0.0
0.017357874833259013,0.017357874833259013,0.017357874833259013,0.0,0.0
-0.006457653214891779,-0.006457653214891779,-0.006457653214891779,0.0,0.0
0.07020462929149107,0.07020462929149107,0.07020462929149107,0.0,0.0
0.023396042418981633,0.023396042418981633,0.023396042418981633,0.0,0.0
0.06113240692247657,0.06113240692247657,0.06113240692247657,0.0,0.0
-0.019065717276635308,-0.019065717276635308,-0.019065717276635308,0.0,0.0
-0.04739235586504986,-0.04739235586504986,-0.04739235586504986,0.0,0.0
-0.07069744602496764,-0.07069744602496764,-0.07069744602496764,0.0,0.0
-0.04109332749178529,-0.04109332749178529,-0.04109332749178529,0.0,0.0
0.021370011542170442,0.021370011542170442,0.021370011542170442,0.0,0.0
-0.05566561110676904,-0.05566561110676904,-0.05566561110676904,0.0,0.0
0.06916059565618782,0.06916059565618782,0.06916059565618782,0.0,0.0
0.023549300814780905,0.023549300814780905,0.023549300814780905,0.0,0.0
-0.03812901572989069,-0.03812901572989069,-0.03812901572989069,0.0,0.0
0.07002895128770148,0.07002895128770148,0.07002895128770148,0.0,0.0
-0.039436086883759214,-0.039436086883759214,-0.039436086883759214,0.0,0.0
-0.026528580675713953,-0.026528580675713953,-0.026528580675713953,0.0,0.0
-0.07743188989804473,-0.07743188989804473,-0.07743188989804473,0.0,0.0
0.06372199687987523,0.06372199687987523,0.06372199687987523,0.0,0.0
-0.05595964659458197,-0.05595964659458197,-0.05595964659458197,0.0,0.0
-0.12236784184683946,-0.12236784184683946,-0.12236784184683946,0.0,0.0
0.11340209196651574,0.11340209196651574,0.11340209196651574,0.0,0.0
-0.18452106559688208,-0.18452106559688208,-0.18452106559688208,0.0,0.0
0.10626266753904856,0.10626266753904856,0.10626266753904856,0.0,0.0
-0.06650688190613818,-0.06650688190613818,-0.06650688190613818,0.0,0.0
0.05004436540480128,0.05004436540480128,0.05004436540480128,0.0,0.0
-0.033901558090334794,-0.033901558090334794,-0.033901558090334794,0.0,0.0
0.033730437696295246,0.033730437696295246,0.033730437696295246,0.0,0.0
0.17156406056216644,0.17156406056216644,0.17156406056216644,0.0,0.0
-0.014286748229859092,-0.014286748229859092,-0.014286748229859092,0.0,0.0
0.04730875588034089,0.04730875588034089,0.04730875588034089,0.0,0.0
-0.0175322989646588,-0.0175322989646588,-0.0175322989646588,0.0,0.0
0.050884440563863986,0.050884440563863986,0.050884440563863986,0.0,0.0
-0.007492743911546418,-0.007492743911546418,-0.007492743911546418,0.0,0.0
-0.07788324764889831,-0.07788324764889831,-0.07788324764889831,0.0,0.0
0.051014216372985866,0.051014216372985866,0.051014216372985866,0.0,0.0
-0.045249913199993386,-0.045249913199993386,-0.045249913199993386,0.0,0.0
0.10040586077814417,0.10040586077814417,0.10040586077814417,0.0,0.0
-0.03491061084385183,-0.03491061084385183,-0.03491061084385183,0.0,0.0
0.030575599521088348,0.030575599521088348,0.030575599521088348,0.0,0.0
-0.014983945235078289,-0.014983945235078289,-0.014983945235078289,0.0,0.0
0.026240526204085457,0.026240526204085457,0.026240526204085457,0.0,0.0
0.0522513731467007,0.0522513731467007,0.0522513731467007,0.0,0.0
-0.010952783474556638,-0.010952783474556638,-0.010952783474556638,0.0,0.0
0.049351917150650904,0.049351917150650904,0.049351917150650904,0.0,0.0
-0.008076019068432472,-0.008076019068432472,-0.008076019068432472,0.0,0.0
-0.018028032049427267,-0.018028032049427267,-0.018028032049427267,0.0,0.0
-0.061104477822978454,-0.061104477822978454,-0.061104477822978454,0.0,0.0
0.06174179906598165,0.06174179906598165,0.06174179906598165,0.0,0.0
-0.0074785272592877705,-0.0074785272592877705,-0.0074785272592877705,0.0,0.0
0.019647088920069722,0.019647088920069722,0.019647088920069722,0.0,0.0
0.02586434865575149,0.02586434865575149,0.02586434865575149,0.0,0.0
-0.019254254187810238,-0.019254254187810238,-0.019254254187810238,0.0,0.0
0.024368591855557176,0.024368591855557176,0.024368591855557176,0.0,0.0
-0.020706406631489704,-0.020706406631489704,-0.020706406631489704,0.0,0.0
-0.03250302720098763,-0.03250302720098763,-0.03250302720098763,0.0,0.0
0.030094307738304238,0.030094307738304238,0.030094307738304238,0.0,0.0
0.008410586694386879,0.008410586694386879,0.008410586694386879,0.0,0.0
0.013787736010769214,0.013787736010769214,0.013787736010769214,0.0,0.0
0.02377516662347401,0.02377516662347401,0.02377516662347401,0.0,0.0
0.02502702021434189,0.02502702021434189,0.02502702021434189,0.0,0.0
0.032383687918756676,0.032383687918756676,0.032383687918756676,0.0,0.0
-0.03260778358293004,-0.03260778358293004,-0.03260778358293004,0.0,0.0
-0.0028835412956704776,-0.0028835412956704776,-0.0028835412956704776,0.0,0.0
0.032197889820147596,0.032197889820147596,0.032197889820147596,0.0,0.0
0.05731260468200561,0.05731260468200561,0.05731260468200561,0.0,0.0
0.03056269643686993,0.03056269643686993,0.03056269643686993,0.0,0.0
0.006314307887573589,0.006314307887573589,0.006314307887573589,0.0,0.0
0.018681325251761027,0.018681325251761027,0.018681325251761027,0.0,0.0
-0.021711107855046707,-0.021711107855046707,-0.021711107855046707,0.0,0.0
0.02860314446088963,0.02860314446088963,0.02860314446088963,0.0,0.0
-0.034177997291849116,-0.034177997291849116,-0.034177997291849116,0.0,0.0
-0.022081386075405218,-0.022081386075405218,-0.022081386075405218,0.0,0.0
-0.004486892513660301,-0.004486892513660301,-0.004486892513660301,0.0,0.0
0.045776096294363855,0.045776096294363855,0.045776096294363855,0.0,0.0
-0.007802558092355194,-0.007802558092355194,-0.007802558092355194,0.0,0.0
0.0021575116090712942,0.0021575116090712942,0.0021575116090712942,0.0,0.0
-0.0063168330470689815,-0.0063168330470689815,-0.0063168330470689815,0.0,0.0
0.00011396013883935296,0.00011396013883935296,0.00011396013883935296,0.0,0.0
0.017509988384812214,0.017509988384812214,0.017509988384812214,0.0,0.0
-0.012892580812739363,-0.012892580812739363,-0.012892580812739363,0.0,0.0
0.027370748368438225,0.027370748368438225,0.027370748368438225,0.0,0.0
0.03545726236493518,0.03545726236493518,0.03545726236493518,0.0,0.0
-0.060906420230621094,-0.060906420230621094,-0.060906420230621094,0.0,0.0
0.015489759589524255,0.015489759589524255,0.015489759589524255,0.0,0.0
0.02700769395893321,0.02700769395893321,0.02700769395893321,0.0,0.0
-0.011472845093280282,-0.011472845093280282,-0.011472845093280282,0.0,0.0
0.018470798671966326,0.018470798671966326,0.018470798671966326,0.0,0.0
-0.0019492723017170421,-0.0019492723017170421,-0.0019492723017170421,0.0,0.0
0.004692019953878024,0.004692019953878024,0.004692019953878024,0.0,0.0
0.028668219133359818,0.028668219133359818,0.028668219133359818,0.0,0.0
-0.008056680592959164,-0.008056680592959164,-0.008056680592959164,0.0,0.0
-0.022698048132089088,-0.022698048132089088,-0.022698048132089088,0.0,0.0
0.027556198717592073,0.027556198717592073,0.027556198717592073,0.0,0.0
-0.0353000294808824,-0.0353000294808824,-0.0353000294808824,0.0,0.0
0.004915147881895177,0.004915147881895177,0.004915147881895177,0.0,0.0
0.032364156562444624,0.032364156562444624,0.032364156562444624,0.0,0.0
0.0033955939483758524,0.0033955939483758524,0.0033955939483758524,0.0,0.0
0.008630637105113026,0.008630637105113026,0.008630637105113026,0.0,0.0
0.0236156240739529,0.0236156240739529,0.0236156240739529,0.0,0.0
0.003303218177424405,0.003303218177424405,0.003303218177424405,0.0,0.0
0.03487210234719962,0.03487210234719962,0.03487210234719962,0.0,0.0
0.028680466098432777,0.028680466098432777,0.028680466098432777,0.0,0.0
-0.002830939133761534,-0.002830939133761534,-0.002830939133761534,0.0,0.0
-0.0407472004680709,-0.0407472004680709,-0.0407472004680709,0.0,0.0
0.03230636602211878,0.03230636602211878,0.03230636602211878,0.0,0.0
-0.014431102802359597,-0.014431102802359597,-0.014431102802359597,0.0,0.0
-0.009044407635458218,-0.009044407635458218,-0.009044407635458218,0.0,0.0
0.006586298275296665,0.006586298275296665,0.006586298275296665,0.0,0.0
0.03031419153652104,0.03031419153652104,0.03031419153652104,0.0,0.0
-0.01733946976047851,-0.01733946976047851,-0.01733946976047851,0.0,0.0
0.010674561946744765,0.010674561946744765,0.010674561946744765,0.0,0.0
-0.029601104981794912,-0.029601104981794912,-0.029601104981794912,0.0,0.0
0.006392039081436263,0.006392039081436263,0.006392039081436263,0.0,0.0
0.02226655157387092,0.02226655157387092,0.02226655157387092,0.0,0.0
-0.019766830777411926,-0.019766830777411926,-0.019766830777411926,0.0,0.0
0.024472827560627186,0.024472827560627186,0.024472827560627186,0.0,0.0
0.014189664850948303,0.014189664850948303,0.014189664850948303,0.0,0.0
7.067504766955501e-05,7.067504766955501e-05,7.067504766955501e-05,0.0,0.0
0.03725934323002522,0.03725934323002522,0.03725934323002522,0.0,0.0
0.019754055650240687,0.019754055650240687,0.019754055650240687,0.0,0.0
0.005254945920433185,0.005254945920433185,0.005254945920433185,0.0,0.0
0.004319212067208866,0.004319212067208866,0.004319212067208866,0.0,0.0
-0.011997636886649676,-0.011997636886649676,-0.011997636886649676,0.0,0.0
-0.003080663507546322,-0.003080663507546322,-0.003080663507546322,0.0,0.0
-0.02821288782726239,-0.02821288782726239,-0.02821288782726239,0.0,0.0
0.05440085843737652,0.05440085843737652,0.05440085843737652,0.0,0.0
0.0002402028275352297,0.0002402028275352297,0.0002402028275352297,0.0,0.0
0.01057416262341504,0.01057416262341504,0.01057416262341504,0.0,0.0
0.06684527707712173,0.06684527707712173,0.06684527707712173,0.0,0.0
-0.006180421877835629,-0.006180421877835629,-0.006180421877835629,0.0,0.0
-0.009970742364792007,-0.009970742364792007,-0.009970742364792007,0.0,0.0
0.00020581216388504409,0.00020581216388504409,0.00020581216388504409,0.0,0.0
0.044683494344994745,0.044683494344994745,0.044683494344994745,0.0,0.0
0.0028974219975042015,0.0028974219975042015,0.0028974219975042015,0.0,0.0
0.0023387414032900455,0.0023387414032900455,0.0023387414032900455,0.0,0.0
0.001803920356143296,0.001803920356143296,0.001803920356143296,0.0,0.0
-0.011332668137887247,-0.011332668137887247,-0.011332668137887247,0.0,0.0
0.04113803612999534,0.04113803612999534,0.04113803612999534,0.0,0.0
0.017246408262731494,0.017246408262731494,0.017246408262731494,0.0,0.0
0.03369347508929499,0.03369347508929499,0.03369347508929499,0.0,0.0
0.03802180319048731,0.03802180319048731,0.03802180319048731,0.0,0.0
-0.09277507061059209,-0.09277507061059209,-0.09277507061059209,0.0,0.0
-0.03019488166914397,-0.03019488166914397,-0.03019488166914397,0.0,0.0
-0.056209199162723156,-0.056209199162723156,-0.056209199162723156,0.0,0.0
0.06732142474316838,0.06732142474316838,0.06732142474316838,0.0,0.0
-0.03171449663378345,-0.03171449663378345,-0.03171449663378345,0.0,0.0
-0.011959918087158905,-0.011959918087158905,-0.011959918087158905,0.0,0.0
0.05818143988548519,0.05818143988548519,0.05818143988548519,0.0,0.0
0.009225386473009856,0.009225386473009856,0.009225386473009856,0.0,0.0
-0.036679384586023156,-0.036679384586023156,-0.036679384586023156,0.0,0.0
-0.004075300809297078,-0.004075300809297078,-0.004075300809297078,0.0,0.0
-0.02200417992848447,-0.02200417992848447,-0.02200417992848447,0.0,0.0
0.026909068822403404,0.026909068822403404,0.026909068822403404,0.0,0.0
0.009626562814862183,0.009626562814862183,0.009626562814862183,0.0,0.0
-0.040671789411747206,-0.040671789411747206,-0.040671789411747206,0.0,0.0
0.0184966917163083,0.0184966917163083,0.0184966917163083,0.0,0.0
0.04257789772036702,0.04257789772036702,0.04257789772036702,0.0,0.0
0.012525352403705448,0.012525352403705448,0.012525352403705448,0.0,0.0
0.014633796614589745,0.014633796614589745,0.014633796614589745,0.0,0.0
0.023042242882453046,0.023042242882453046,0.023042242882453046,0.0,0.0
0.006207963745616052,0.006207963745616052,0.006207963745616052,0.0,0.0
-0.04056328049510749,-0.04056328049510749,-0.04056328049510749,0.0,0.0
0.044421920923548575,0.044421920923548575,0.044421920923548575,0.0,0.0
0.00689018246282358,0.00689018246282358,0.00689018246282358,0.0,0.0
0.01656182293695485,0.01656182293695485,0.01656182293695485,0.0,0.0
-0.008969503742076834,-0.008969503742076834,-0.008969503742076834,0.0,0.0
-0.005491774882917966,-0.005491774882917966,-0.005491774882917966,0.0,0.0
0.03365949682458158,0.03365949682458158,0.03365949682458158,0.0,0.0
0.0015641639371288818,0.0015641639371288818,0.0015641639371288818,0.0,0.0
-0.010738100041320475,-0.010738100041320475,-0.010738100041320475,0.0,0.0
-0.008886186172674893,-0.008886186172674893,-0.008886186172674893,0.0,0.0
-0.011345616195389319,-0.011345616195389319,-0.011345616195389319,0.0,0.0
-0.0227164388588883,-0.0227164388588883,-0.0227164388588883,0.0,0.0
0.010946102799199497,0.010946102799199497,0.010946102799199497,0.0,0.0
-0.008849117699405995,-0.008849117699405995,-0.008849117699405995,0.0,0.0
-0.012107332967216,-0.012107332967216,-0.012107332967216,0.0,0.0
0.017158218593338104,0.017158218593338104,0.017158218593338104,0.0,0.0
-0.033038510276436006,-0.033038510276436006,-0.033038510276436006,0.0,0.0
0.019442603300316996,0.019442603300316996,0.019442603300316996,0.0,0.0
-0.05745801182088617,-0.05745801182088617,-0.05745801182088617,0.0,0.0
0.03144077889718644,0.03144077889718644,0.03144077889718644,0.0,0.0
-0.03762281080698382,-0.03762281080698382,-0.03762281080698382,0.0,0.0
0.0037297398156765915,0.0037297398156765915,0.0037297398156765915,0.0,0.0
0.034874595399129626,0.034874595399129626,0.034874595399129626,0.0,0.0
0.05950677954956807,0.05950677954956807,0.05950677954956807,0.0,0.0
0.026514808741157303,0.026514808741157303,0.026514808741157303,0.0,0.0
0.0283897358216485,0.0283897358216485,0.0283897358216485,0.0,0.0
-0.06395073067077883,-0.06395073067077883,-0.06395073067077883,0.0,0.0
-0.06314761896708543,-0.06314761896708543,-0.06314761896708543,0.0,0.0
0.050743967408711566,0.050743967408711566,0.050743967408711566,0.0,0.0
0.002888129569331266,0.002888129569331266,0.002888129569331266,0.0,0.0
-0.011871673277994654,-0.011871673277994654,-0.011871673277994654,0.0,0.0
0.016413471465616336,0.016413471465616336,0.016413471465616336,0.0,0.0
-0.006880885233036982,-0.006880885233036982,-0.006880885233036982,0.0,0.0
0.0004841718078743007,0.0004841718078743007,0.0004841718078743007,0.0,0.0
0.0008563286153582261,0.0008563286153582261,0.0008563286153582261,0.0,0.0
-0.02622712577908015,-0.02622712577908015,-0.02622712577908015,0.0,0.0
0.0039922508353185115,0.0039922508353185115,0.0039922508353185115,0.0,0.0
-0.013869781106404244,-0.013869781106404244,-0.013869781106404244,0.0,0.0
0.021377245951013535,0.021377245951013535,0.021377245951013535,0.0,0.0
0.0020020686332051785,0.0020020686332051785,0.0020020686332051785,0.0,0.0
0.010575963888922901,0.010575963888922901,0.010575963888922901,0.0,0.0
-0.0008578557503314821,-0.0008578557503314821,-0.0008578557503314821,0.0,0.0
0.011538240360838836,0.011538240360838836,0.011538240360838836,0.0,0.0
-0.010671812236330624,-0.010671812236330624,-0.010671812236330624,0.0,0.0
0.012111943121872581,0.012111943121872581,0.012111943121872581,0.0,0.0
0.003577228318078607,0.003577228318078607,0.003577228318078607,0.0,0.0
-0.018869241237882806,-0.018869241237882806,-0.018869241237882806,0.0,0.0
-0.03140479280591324,-0.03140479280591324,-0.03140479280591324,0.0,0.0
0.0032094242700035913,0.0032094242700035913,0.0032094242700035913,0.0,0.0
0.003160898739046125,0.003160898739046125,0.003160898739046125,0.0,0.0
0.02270755597803209,0.02270755597803209,0.02270755597803209,0.0,0.0
0.0038883688861224286,0.0038883688861224286,0.0038883688861224286,0.0,0.0
-0.008831946800185397,-0.008831946800185397,-0.008831946800185397,0.0,0.0
0.007457117727849738,0.007457117727849738,0.007457117727849738,0.0,0.0
-0.005190712581716994,-0.005190712581716994,-0.005190712581716994,0.0,0.0
0.004539589011782308,0.004539589011782308,0.004539589011782308,0.0,0.0
-0.004050426344813007,-0.004050426344813007,-0.004050426344813007,0.0,0.0
-0.020258662036888975,-0.020258662036888975,-0.020258662036888975,0.0,0.0
-0.0011915212786515195,-0.0011915212786515195,-0.0011915212786515195,0.0,0.0
-0.007214911533474533,-0.007214911533474533,-0.007214911533474533,0.0,0.0
0.003352727893244589,0.003352727893244589,0.003352727893244589,0.0,0.0
0.015645226995979034,0.015645226995979034,0.015645226995979034,0.0,0.0
-0.006903367906911706,-0.006903367906911706,-0.006903367906911706,0.0,0.0
0.004480929624976815,0.004480929624976815,0.004480929624976815,0.0,0.0
0.022210123822727468,0.022210123822727468,0.022210123822727468,0.0,0.0
-0.05895297592661575,-0.05895297592661575,-0.05895297592661575,0.0,0.0
0.057830302931066724,0.057830302931066724,0.057830302931066724,0.0,0.0
-0.005039870579614858,-0.005039870579614858,-0.005039870579614858,0.0,0.0
0.02596650176934978,0.02596650176934978,0.02596650176934978,0.0,0.0
-0.01003922857030537,-0.01003922857030537,-0.01003922857030537,0.0,0.0
0.0034853919176065506,0.0034853919176065506,0.0034853919176065506,0.0,0.0
-0.024498009450165004,-0.024498009450165004,-0.024498009450165004,0.0,0.0
-0.02581396265309477,-0.02581396265309477,-0.02581396265309477,0.0,0.0
0.012889490554441663,0.012889490554441663,0.012889490554441663,0.0,0.0
0.026141546653299264,0.026141546653299264,0.026141546653299264,0.0,0.0
0.03753987724355334,0.03753987724355334,0.03753987724355334,0.0,0.0
-0.011177305160159245,-0.011177305160159245,-0.011177305160159245,0.0,0.0
-0.0043208863224954985,-0.0043208863224954985,-0.0043208863224954985,0.0,0.0
-0.015966890417729585,-0.015966890417729585,-0.015966890417729585,0.0,0.0
-0.03851801006793831,-0.03851801006793831,-0.03851801006793831,0.0,0.0
0.010315224086632213,0.010315224086632213,0.010315224086632213,0.0,0.0
-0.004693101619805851,-0.004693101619805851,-0.004693101619805851,0.0,0.0
0.019034361216616613,0.019034361216616613,0.019034361216616613,0.0,0.0
0.024155743825829523,0.024155743825829523,0.024155743825829523,0.0,0.0
-0.001936163117069567,-0.001936163117069567,-0.001936163117069567,0.0,0.0
0.00988490171319123,0.00988490171319123,0.00988490171319123,0.0,0.0
-0.005360677188852803,-0.005360677188852803,-0.005360677188852803,0.0,0.0
0.06237577680721462,0.06237577680721462,0.06237577680721462,0.0,0.0
-0.012154752773975042,-0.012154752773975042,-0.012154752773975042,0.0,0.0
0.03512516096990104,0.03512516096990104,0.03512516096990104,0.0,0.0
0.032951239569700475,0.032951239569700475,0.032951239569700475,0.0,0.0
-0.0189825859616245,-0.0189825859616245,-0.0189825859616245,0.0,0.0
0.02466353840859714,0.02466353840859714,0.02466353840859714,0.0,0.0
-0.02767394843000548,-0.02767394843000548,-0.02767394843000548,0.0,0.0
-0.0051655797293672645,-0.0051655797293672645,-0.0051655797293672645,0.0,0.0
0.006574703233306778,0.006574703233306778,0.006574703233306778,0.0,0.0
-0.03823721885975939,-0.03823721885975939,-0.03823721885975939,0.0,0.0
-0.01488952853090253,-0.01488952853090253,-0.01488952853090253,0.0,0.0
0.02524390707330859,0.02524390707330859,0.02524390707330859,0.0,0.0
-0.08217800030826317,-0.08217800030826317,-0.08217800030826317,0.0,0.0
0.030584375763939242,0.030584375763939242,0.030584375763939242,0.0,0.0
0.009278427932216005,0.009278427932216005,0.009278427932216005,0.0,0.0
-0.0314628317640121,-0.0314628317640121,-0.0314628317640121,0.0,0.0
-0.04486711553278688,-0.04486711553278688,-0.04486711553278688,0.0,0.0
-0.03393275373280458,-0.03393275373280458,-0.03393275373280458,0.0,0.0
0.007376651390181843,0.007376651390181843,0.007376651390181843,0.0,0.0
-0.06967476408202555,-0.06967476408202555,-0.06967476408202555,0.0,0.0
0.0803330113461509,0.0803330113461509,0.0803330113461509,0.0,0.0
-0.0041529739566067425,-0.0041529739566067425,-0.0041529739566067425,0.0,0.0
0.042126752866319395,0.042126752866319395,0.042126752866319395,0.0,0.0
-0.010582095828665428,-0.010582095828665428,-0.010582095828665428,0.0,0.0
0.026077124735767176,0.026077124735767176,0.026077124735767176,0.0,0.0
0.007580975139468427,0.007580975139468427,0.007580975139468427,0.0,0.0
0.003761824340603681,0.003761824340603681,0.003761824340603681,0.0,0.0
-0.04637879955687918,-0.04637879955687918,-0.04637879955687918,0.0,0.0
0.009687674949746983,0.009687674949746983,0.009687674949746983,0.0,0.0
0.02650677022088077,0.02650677022088077,0.02650677022088077,0.0,0.0
-0.00875904312754927,-0.00875904312754927,-0.00875904312754927,0.0,0.0
-0.03272573424926628,-0.03272573424926628,-0.03272573424926628,0.0,0.0
-0.008522446103380377,-0.008522446103380377,-0.008522446103380377,0.0,0.0
0.0242515669400305,0.0242515669400305,0.0242515669400305,0.0,0.0
0.0084895633822899,0.0084895633822899,0.0084895633822899,0.0,0.0
-0.005908230734095188,-0.005908230734095188,-0.005908230734095188,0.0,0.0
0.03701919420805111,0.03701919420805111,0.03701919420805111,0.0,0.0
0.03472367488848116,0.03472367488848116,0.03472367488848116,0.0,0.0
0.012724570117604639,0.012724570117604639,0.012724570117604639,0.0,0.0
-0.009007953110449773,-0.009007953110449773,-0.009007953110449773,0.0,0.0
0.02034411430340799,0.02034411430340799,0.02034411430340799,0.0,0.0
0.012267137722159926,0.012267137722159926,0.012267137722159926,0.0,0.0
0.005797141123079719,0.005797141123079719,0.005797141123079719,0.0,0.0
0.056180498784024424,0.056180498784024424,0.056180498784024424,0.0,0.0
0.030935731103169495,0.030935731103169495,0.030935731103169495,0.0,0.0
-0.025670478556428233,-0.025670478556428233,-0.025670478556428233,0.0,0.0
0.05631025217506491,0.05631025217506491,0.05631025217506491,0.0,0.0
-0.01392740103633594,-0.01392740103633594,-0.01392740103633594,0.0,0.0
-0.03461108797615131,-0.03461108797615131,-0.03461108797615131,0.0,0.0
-0.012401013606728184,-0.012401013606728184,-0.012401013606728184,0.0,0.0
0.012474314548456489,0.012474314548456489,0.012474314548456489,0.0,0.0
-0.03321841104797296,-0.03321841104797296,-0.03321841104797296,0.0,0.0
0.027945582920272827,0.027945582920272827,0.027945582920272827,0.0,0.0
0.013936966726855404,0.013936966726855404,0.013936966726855404,0.0,0.0
-0.006218538370195592,-0.006218538370195592,-0.006218538370195592,0.0,0.0
-0.006826400103709829,-0.006826400103709829,-0.006826400103709829,0.0,0.0
0.003142064176100856,0.003142064176100856,0.003142064176100856,0.0,0.0
-0.02057128036254785,-0.02057128036254785,-0.02057128036254785,0.0,0.0
-0.011509306575026135,-0.011509306575026135,-0.011509306575026135,0.0,0.0
-0.03272285429361621,-0.03272285429361621,-0.03272285429361621,0.0,0.0
0.007473238092998713,0.007473238092998713,0.007473238092998713,0.0,0.0
0.004460956072544375,0.004460956072544375,0.004460956072544375,0.0,0.0
0.019916794282730077,0.019916794282730077,0.019916794282730077,0.0,0.0
-0.036895068025806,-0.036895068025806,-0.036895068025806,0.0,0.0
0.0028389940333415353,0.0028389940333415353,0.0028389940333415353,0.0,0.0
-0.0382875436557244,-0.0382875436557244,-0.0382875436557244,0.0,0.0
-0.006777552405155984,-0.006777552405155984,-0.006777552405155984,0.0,0.0
0.0422786902504686,0.0422786902504686,0.0422786902504686,0.0,0.0
-0.005441215436775115,-0.005441215436775115,-0.005441215436775115,0.0,0.0
-0.01057155869638704,-0.01057155869638704,-0.01057155869638704,0.0,0.0
0.0035675054252244376,0.0035675054252244376,0.0035675054252244376,0.0,0.0
0.03887090533861004,0.03887090533861004,0.03887090533861004,0.0,0.0
0.02595383562860798,0.02595383562860798,0.02595383562860798,0.0,0.0
0.041372759024969064,0.041372759024969064,0.041372759024969064,0.0,0.0
0.002289932142108153,0.002289932142108153,0.002289932142108153,0.0,0.0
0.0033391727111027336,0.0033391727111027336,0.0033391727111027336,0.0,0.0
-0.013503240139542294,-0.013503240139542294,-0.013503240139542294,0.0,0.0
0.04884427164768357,0.04884427164768357,0.04884427164768357,0.0,0.0
0.001231169961006584,0.001231169961006584,0.001231169961006584,0.0,0.0
0.03158691456012197,0.03158691456012197,0.03158691456012197,0.0,0.0
0.011413774537871957,0.011413774537871957,0.011413774537871957,0.0,0.0
0.03585780849382525,0.03585780849382525,0.03585780849382525,0.0,0.0
0.0023184711685488857,0.0023184711685488857,0.0023184711685488857,0.0,0.0
-0.009194705839076556,-0.009194705839076556,-0.009194705839076556,0.0,0.0
-0.005428648465962471,-0.005428648465962471,-0.005428648465962471,0.0,0.0
0.003845318244378282,0.003845318244378282,0.003845318244378282,0.0,0.0
0.022969709162237395,0.022969709162237395,0.022969709162237395,0.0,0.0
0.010855208061460786,0.010855208061460786,0.010855208061460786,0.0,0.0
-0.012777995768955663,-0.012777995768955663,-0.012777995768955663,0.0,0.0
0.0012226900061236279,0.0012226900061236279,0.0012226900061236279,0.0,0.0
0.04755681210846907,0.04755681210846907,0.04755681210846907,0.0,0.0
-0.0009916978091879525,-0.0009916978091879525,-0.0009916978091879525,0.0,0.0
-0.011347137496131254,-0.011347137496131254,-0.011347137496131254,0.0,0.0
0.024935720488578283,0.024935720488578283,0.024935720488578283,0.0,0.0
0.009027835547964047,0.009027835547964047,0.009027835547964047,0.0,0.0
0.007778894760654964,0.007778894760654964,0.007778894760654964,0.0,0.0
-0.009085807149754821,-0.009085807149754821,-0.009085807149754821,0.0,0.0
0.05012867877471128,0.05012867877471128,0.05012867877471128,0.0,0.0
0.0020889112393007725,0.0020889112393007725,0.0020889112393007725,0.0,0.0
-0.0012106864530151418,-0.0012106864530151418,-0.0012106864530151418,0.0,0.0
0.010473736727224292,0.010473736727224292,0.010473736727224292,0.0,0.0
0.013605627452137448,0.013605627452137448,0.013605627452137448,0.0,0.0
0.010323726106330033,0.010323726106330033,0.010323726106330033,0.0,0.0
-0.01578616919628484,-0.01578616919628484,-0.01578616919628484,0.0,0.0
-0.023022182815296444,-0.023022182815296444,-0.023022182815296444,0.0,0.0
0.007411078866156551,0.007411078866156551,0.007411078866156551,0.0,0.0
0.023054821802045655,0.023054821802045655,0.023054821802045655,0.0,0.0
-0.012797269836252845,-0.012797269836252845,-0.012797269836252845,0.0,0.0
-0.020172775470043924,-0.020172775470043924,-0.020172775470043924,0.0,0.0
-0.044112143302547424,-0.044112143302547424,-0.044112143302547424,0.0,0.0
-0.042457194110473995,-0.042457194110473995,-0.042457194110473995,0.0,0.0
0.03407031166953112,0.03407031166953112,0.03407031166953112,0.0,0.0
-0.008932200971264903,-0.008932200971264903,-0.008932200971264903,0.0,0.0
0.04287535253373442,0.04287535253373442,0.04287535253373442,0.0,0.0
0.009479698339484477,0.009479698339484477,0.009479698339484477,0.0,0.0
-0.0018373594934565363,-0.0018373594934565363,-0.0018373594934565363,0.0,0.0
-0.013498348219054379,-0.013498348219054379,-0.013498348219054379,0.0,0.0
-0.0044570281657629884,-0.0044570281657629884,-0.0044570281657629884,0.0,0.0
0.015357969505969571,0.015357969505969571,0.015357969505969571,0.0,0.0
0.008152680718360283,0.008152680718360283,0.008152680718360283,0.0,0.0
-0.008290315816509075,-0.008290315816509075,-0.008290315816509075,0.0,0.0
0.01287271645783461,0.01287271645783461,0.01287271645783461,0.0,0.0
0.0032912854391684565,0.0032912854391684565,0.0032912854391684565,0.0,0.0
0.023163963938935828,0.023163963938935828,0.023163963938935828,0.0,0.0
0.017904692839103342,0.017904692839103342,0.017904692839103342,0.0,0.0
-0.013131764911389898,-0.013131764911389898,-0.013131764911389898,0.0,0.0
-0.003486151498974799,-0.003486151498974799,-0.003486151498974799,0.0,0.0
-0.01768904519559522,-0.01768904519559522,-0.01768904519559522,0.0,0.0
-0.011888148964947498,-0.011888148964947498,-0.011888148964947498,0.0,0.0
0.010457539677880767,0.010457539677880767,0.010457539677880767,0.0,0.0
0.014217339571318321,0.014217339571318321,0.014217339571318321,0.0,0.0
-0.011789083203858408,-0.011789083203858408,-0.011789083203858408,0.0,0.0
-0.024661564809159375,-0.024661564809159375,-0.024661564809159375,0.0,0.0
-0.021482473480037734,-0.021482473480037734,-0.021482473480037734,0.0,0.0
0.03981124116353696,0.03981124116353696,0.03981124116353696,0.0,0.0
0.05141934337164278,0.05141934337164278,0.05141934337164278,0.0,0.0
0.054861476301202305,0.054861476301202305,0.054861476301202305,0.0,0.0
-0.0075144197209711106,-0.0075144197209711106,-0.0075144197209711106,0.0,0.0
0.01927222769319492,0.01927222769319492,0.01927222769319492,0.0,0.0
-0.006527570615460054,-0.006527570615460054,-0.006527570615460054,0.0,0.0
0.025738595325280667,0.025738595325280667,0.025738595325280667,0.0,0.0
0.0022972099011477898,0.0022972099011477898,0.0022972099011477898,0.0,0.0
-0.013180978467091986,-0.013180978467091986,-0.013180978467091986,0.0,0.0
0.0025016698857784903,0.0025016698857784903,0.0025016698857784903,0.0,0.0
-0.0020052493983698794,-0.0020052493983698794,-0.0020052493983698794,0.0,0.0
0.01995873073193466,0.01995873073193466,0.01995873073193466,0.0,0.0
-0.00792351329131502,-0.00792351329131502,-0.00792351329131502,0.0,0.0
-0.014252860923565813,-0.014252860923565813,-0.014252860923565813,0.0,0.0
-0.00725201307930512,-0.00725201307930512,-0.00725201307930512,0.0,0.0
0.013572624840202607,0.013572624840202607,0.013572624840202607,0.0,0.0
-0.014503097634687268,-0.014503097634687268,-0.014503097634687268,0.0,0.0
0.004062907385294912,0.004062907385294912,0.004062907385294912,0.0,0.0
0.004450984779200917,0.004450984779200917,0.004450984779200917,0.0,0.0
-0.004431261302590528,-0.004431261302590528,-0.004431261302590528,0.0,0.0
-0.015376316702049087,-0.015376316702049087,-0.015376316702049087,0.0,0.0
-0.03593610242600298,-0.03593610242600298,-0.03593610242600298,0.0,0.0
0.006299547863791943,0.006299547863791943,0.006299547863791943,0.0,0.0
0.03271186457448172,0.03271186457448172,0.03271186457448172,0.0,0.0
0.024657080371530693,0.024657080371530693,0.024657080371530693,0.0,0.0
-0.017836335056424013,-0.017836335056424013,-0.017836335056424013,0.0,0.0
-0.019066316678730044,-0.019066316678730044,-0.019066316678730044,0.0,0.0
-0.04436728235076659,-0.04436728235076659,-0.04436728235076659,0.0,0.0
-0.008792883043031607,-0.008792883043031607,-0.008792883043031607,0.0,0.0
0.009699318427531356,0.009699318427531356,0.009699318427531356,0.0,0.0
0.001255069169486367,0.001255069169486367,0.001255069169486367,0.0,0.0
-0.04869359556167541,-0.04869359556167541,-0.04869359556167541,0.0,0.0
0.03643833663498275,0.03643833663498275,0.03643833663498275,0.0,0.0
0.012175633911648553,0.012175633911648553,0.012175633911648553,0.0,0.0
0.018115675432844203,0.018115675432844203,0.018115675432844203,0.0,0.0
-0.011577643306626473,-0.011577643306626473,-0.011577643306626473,0.0,0.0
-0.006528770304071951,-0.006528770304071951,-0.006528770304071951,0.0,0.0
-0.0011595661669305812,-0.0011595661669305812,-0.0011595661669305812,0.0,0.0
0.012964923104004322,0.012964923104004322,0.012964923104004322,0.0,0.0
0.03854070302740009,0.03854070302740009,0.03854070302740009,0.0,0.0
0.005334032632721586,0.005334032632721586,0.005334032632721586,0.0,0.0
0.016467034461730812,0.016467034461730812,0.016467034461730812,0.0,0.0
0.003060091939496079,0.003060091939496079,0.003060091939496079,0.0,0.0
-0.008389387040865781,-0.008389387040865781,-0.008389387040865781,0.0,0.0
0.026647929838747197,0.026647929838747197,0.026647929838747197,0.0,0.0
0.0014983132501302787,0.0014983132501302787,0.0014983132501302787,0.0,0.0
0.019361140146033184,0.019361140146033184,0.019361140146033184,0.0,0.0
0.06695163499174117,0.06695163499174117,0.06695163499174117,0.0,0.0
-0.010762090177243167,-0.010762090177243167,-0.010762090177243167,0.0,0.0
0.020040334685821115,0.020040334685821115,0.020040334685821115,0.0,0.0
0.025099204251185947,0.025099204251185947,0.025099204251185947,0.0,0.0
0.010169214327135023,0.010169214327135023,0.010169214327135023,0.0,0.0
0.022224851503566567,0.022224851503566567,0.022224851503566567,0.0,0.0
0.007461912468947229,0.007461912468947229,0.007461912468947229,0.0,0.0
0.12042255200997154,0.12042255200997154,0.12042255200997154,0.0,0.0
-0.0016442286739886125,-0.0016442286739886125,-0.0016442286739886125,0.0,0.0
0.03535897116049558,0.03535897116049558,0.03535897116049558,0.0,0.0
-0.004772074208855948,-0.004772074208855948,-0.004772074208855948,0.0,0.0
-0.039077645437183506,-0.039077645437183506,-0.039077645437183506,0.0,0.0
0.0316030920314585,0.0316030920314585,0.0316030920314585,0.0,0.0
0.0,0.0,0.0,0.0,0.0
-0.012010333200437207,-0.012010333200437207,-0.012010333200437207,0.0,0.0
0.005928210220130348,0.005928210220130348,0.005928210220130348,0.0,0.0
-0.031188748826347035,-0.031188748826347035,-0.031188748826347035,0.0,0.0
0.0824988066060437,0.0824988066060437,0.0824988066060437,0.0,0.0
0.041357701385793755,0.041357701385793755,0.041357701385793755,0.0,0.0
-0.031196067584594922,-0.031196067584594922,-0.031196067584594922,0.0,0.0
-0.006571626621713955,-0.006571626621713955,-0.006571626621713955,0.0,0.0
0.02923211628915645,0.02923211628915645,0.02923211628915645,0.0,0.0
-0.03583895459455855,-0.03583895459455855,-0.03583895459455855,0.0,0.0
0.05945455199510863,0.05945455199510863,0.05945455199510863,0.0,0.0
-0.020973027644113906,-0.020973027644113906,-0.020973027644113906,0.0,0.0
-0.037861286618768086,-0.037861286618768086,-0.037861286618768086,0.0,0.0
0.02198186356294718,0.02198186356294718,0.02198186356294718,0.0,0.0
-0.04460549038417272,-0.04460549038417272,-0.04460549038417272,0.0,0.0
-0.021372985545357936,-0.021372985545357936,-0.021372985545357936,0.0,0.0
0.07956847842274417,0.07956847842274417,0.07956847842274417,0.0,0.0
-0.018533872304246746,-0.018533872304246746,-0.018533872304246746,0.0,0.0
-0.04197826364184143,-0.04197826364184143,-0.04197826364184143,0.0,0.0
-0.009576958444884598,-0.009576958444884598,-0.009576958444884598,0.0,0.0
-0.0674549085591778,-0.0674549085591778,-0.0674549085591778,0.0,0.0
0.006250009329891171,0.006250009329891171,0.006250009329891171,0.0,0.0
0.07488438057496549,0.07488438057496549,0.07488438057496549,0.0,0.0
-0.06802580896099175,-0.06802580896099175,-0.06802580896099175,0.0,0.0
-0.02064337596186827,-0.02064337596186827,-0.02064337596186827,0.0,0.0
-0.0029495133059045386,-0.0029495133059045386,-0.0029495133059045386,0.0,0.0
0.04891961522561239,0.04891961522561239,0.04891961522561239,0.0,0.0
0.011177906701328677,0.011177906701328677,0.011177906701328677,0.0,0.0
0.008163270611770912,0.008163270611770912,0.008163270611770912,0.0,0.0
0.0440283039972047,0.0440283039972047,0.0440283039972047,0.0,0.0
-0.02013240389244797,-0.02013240389244797,-0.02013240389244797,0.0,0.0
-0.010586442175015365,-0.010586442175015365,-0.010586442175015365,0.0,0.0
-0.013832732726631325,-0.013832732726631325,-0.013832732726631325,0.0,0.0
-0.005915070477078177,-0.005915070477078177,-0.005915070477078177,0.0,0.0
0.024140729444162456,0.024140729444162456,0.024140729444162456,0.0,0.0
-0.027588866935666756,-0.027588866935666756,-0.027588866935666756,0.0,0.0
-0.05756221628278391,-0.05756221628278391,-0.05756221628278391,0.0,0.0
0.020794145957191867,0.020794145957191867,0.020794145957191867,0.0,0.0
-0.033039954825826556,-0.033039954825826556,-0.033039954825826556,0.0,0.0
0.005615159725023577,0.005615159725023577,0.005615159725023577,0.0,0.0
0.015218988008081746,0.015218988008081746,0.015218988008081746,0.0,0.0
0.00654272002013534,0.00654272002013534,0.00654272002013534,0.0,0.0
-0.05085888021402052,-0.05085888021402052,-0.05085888021402052,0.0,0.0
0.013809884181821719,0.013809884181821719,0.013809884181821719,0.0,0.0
-0.03856432615960259,-0.03856432615960259,-0.03856432615960259,0.0,0.0
-0.03227407945208183,-0.03227407945208183,-0.03227407945208183,0.0,0.0
-0.03658215680430299,-0.03658215680430299,-0.03658215680430299,0.0,0.0
-0.03213247530895891,-0.03213247530895891,-0.03213247530895891,0.0,0.0
-8.559246622796834e-05,-8.559246622796834e-05,-8.559246622796834e-05,0.0,0.0
-0.04483990222492418,-0.04483990222492418,-0.04483990222492418,0.0,0.0
0.02006807222119611,0.02006807222119611,0.02006807222119611,0.0,0.0
-0.036360298217580245,-0.036360298217580245,-0.036360298217580245,0.0,0.0
0.04083099464899975,0.04083099464899975,0.04083099464899975,0.0,0.0
0.07206654438139615,0.07206654438139615,0.07206654438139615,0.0,0.0
0.006207659221538764,0.006207659221538764,0.006207659221538764,0.0,0.0
0.024514889934587503,0.024514889934587503,0.024514889934587503,0.0,0.0
-0.05126378031138601,-0.05126378031138601,-0.05126378031138601,0.0,0.0
0.01549217703307093,0.01549217703307093,0.01549217703307093,0.0,0.0
0.016817950776373047,0.016817950776373047,0.016817950776373047,0.0,0.0
0.015367231131990122,0.015367231131990122,0.015367231131990122,0.0,0.0
0.06360524039667137,0.06360524039667137,0.06360524039667137,0.0,0.0
-0.03299019262703995,-0.03299019262703995,-0.03299019262703995,0.0,0.0
-0.07260693104838856,-0.07260693104838856,-0.07260693104838856,0.0,0.0
0.013278466166133374,0.013278466166133374,0.013278466166133374,0.0,0.0
0.09181200251375565,0.09181200251375565,0.09181200251375565,0.0,0.0
0.0006036474150981075,0.0006036474150981075,0.0006036474150981075,0.0,0.0
-0.0755912464105728,-0.0755912464105728,-0.0755912464105728,0.0,0.0
-0.03529595867425073,-0.03529595867425073,-0.03529595867425073,0.0,0.0
-0.010659084129101326,-0.010659084129101326,-0.010659084129101326,0.0,0.0
-0.042881494757105676,-0.042881494757105676,-0.042881494757105676,0.0,0.0
0.060794192076106146,0.060794192076106146,0.060794192076106146,0.0,0.0
0.017222648138349506,0.017222648138349506,0.017222648138349506,0.0,0.0
0.00943810458927219,0.00943810458927219,0.00943810458927219,0.0,0.0
-0.03723597781604404,-0.03723597781604404,-0.03723597781604404,0.0,0.0
0.03182384851927211,0.03182384851927211,0.03182384851927211,0.0,0.0
-0.0208918533509459,-0.0208918533509459,-0.0208918533509459,0.0,0.0
-0.03280766689273029,-0.03280766689273029,-0.03280766689273029,0.0,0.0
-0.06906175993075003,-0.06906175993075003,-0.06906175993075003,0.0,0.0
0.007587076361990075,0.007587076361990075,0.007587076361990075,0.0,0.0
0.0697221111200308,0.0697221111200308,0.0697221111200308,0.0,0.0
-0.015468986566371412,-0.015468986566371412,-0.015468986566371412,0.0,0.0
-0.0246269340079317,-0.0246269340079317,-0.0246269340079317,0.0,0.0
-0.03484170914871931,-0.03484170914871931,-0.03484170914871931,0.0,0.0
0.07702770024597405,0.07702770024597405,0.07702770024597405,0.0,0.0
0.06629538818704384,0.06629538818704384,0.06629538818704384,0.0,0.0
0.011022207497244363,0.011022207497244363,0.011022207497244363,0.0,0.0
0.0681174798417814,0.0681174798417814,0.0681174798417814,0.0,0.0
0.010622567950064221,0.010622567950064221,0.010622567950064221,0.0,0.0
-0.007855190475809293,-0.007855190475809293,-0.007855190475809293,0.0,0.0
-0.03355446552892627,-0.03355446552892627,-0.03355446552892627,0.0,0.0
0.0981509537910612,0.0981509537910612,0.0981509537910612,0.0,0.0
-0.01627002508087405,-0.01627002508087405,-0.01627002508087405,0.0,0.0
0.019030733292734414,0.019030733292734414,0.019030733292734414,0.0,0.0
0.015485919521747826,0.015485919521747826,0.015485919521747826,0.0,0.0
-0.03371003382584015,-0.03371003382584015,-0.03371003382584015,0.0,0.0
-0.01459020319437021,-0.01459020319437021,-0.01459020319437021,0.0,0.0
-0.021036336610793183,-0.021036336610793183,-0.021036336610793183,0.0,0.0
0.024258717888455905,0.024258717888455905,0.024258717888455905,0.0,0.0
-0.052229510982987004,-0.052229510982987004,-0.052229510982987004,0.0,0.0
-0.05877132315729161,-0.05877132315729161,-0.05877132315729161,0.0,0.0
-0.008153475265996524,-0.008153475265996524,-0.008153475265996524,0.0,0.0
-0.044985227689928964,-0.044985227689928964,-0.044985227689928964,0.0,0.0
-0.05199167076825739,-0.05199167076825739,-0.05199167076825739,0.0,0.0
-0.01884387384941133,-0.01884387384941133,-0.01884387384941133,0.0,0.0
0.032505303326652024,0.032505303326652024,0.032505303326652024,0.0,0.0
-0.04256165706094028,-0.04256165706094028,-0.04256165706094028,0.0,0.0
0.024696798068250425,0.024696798068250425,0.024696798068250425,0.0,0.0
0.019051445542320966,0.019051445542320966,0.019051445542320966,0.0,0.0
-0.03225521876978987,-0.03225521876978987,-0.03225521876978987,0.0,0.0
-0.060469194883919664,-0.0,-0.001,1.0,0.001
-0.03309696967975895,-0.0,-0.0,0.0,0.0
0.01983066176152426,0.0,0.0,0.0,0.0
-0.055974437533190424,-0.0,-0.0,0.0,0.0
-0.01985274841891249,-0.0,-0.0,0.0,0.0
0.07423273033081546,0.0,0.0,0.0,0.0
-0.062430554462347465,-0.0,-0.0,0.0,0.0
0.05316231815086869,0.0,0.0,0.0,0.0
0.0035324708859199028,0.0,0.0,0.0,0.0
0.03734293192058846,0.0,0.0,0.0,0.0
-0.0732762054948557,-0.0,-0.0,0.0,0.0
-0.008968439374550274,-0.0,-0.0,0.0,0.0
-0.09236926755415675,-0.0,-0.0,0.0,0.0
0.03805306263318586,0.0,0.0,0.0,0.0
-0.05484530131722143,-0.0,-0.0,0.0,0.0
-0.027359957925254585,-0.0,-0.0,0.0,0.0
0.09465243244022159,0.0,0.0,0.0,0.0
-0.024963434891987935,-0.0,-0.0,0.0,0.0
0.0528843413847675,0.0,0.0,0.0,0.0
-0.06816275346341272,-0.0,-0.0,0.0,0.0
0.01098105220034995,0.0,0.0,0.0,0.0
-0.025111008145524916,-0.0,-0.0,0.0,0.0
0.012220289541931217,0.0,0.0,0.0,0.0
-0.04402919684921858,-0.0,-0.0,0.0,0.0
0.05082349529487851,0.0,0.0,0.0,0.0
0.05160498056744944,0.0,0.0,0.0,0.0
0.05377880298261695,0.0,0.0,0.0,0.0
-0.0073893254127651575,-0.0,-0.0,0.0,0.0
-0.01885189902857154,-0.0,-0.0,0.0,0.0
0.06943232274418443,0.0,0.0,0.0,0.0
-0.04450785703517324,-0.0,-0.0,0.0,0.0
0.003525450879387826,0.0,0.0,0.0,0.0
0.007452552408434121,0.0,0.0,0.0,0.0
-0.0144803987124138,-0.0,-0.0,0.0,0.0
-0.032175060517732446,-0.0,-0.0,0.0,0.0
-0.05950794821860017,-0.0,-0.0,0.0,0.0
-0.07817854537364599,-0.0,-0.0,0.0,0.0
0.012079029824942022,0.0,0.0,0.0,0.0
0.0436350375009098,0.0,0.0,0.0,0.0
-0.0560298154425769,-0.0,-0.0,0.0,0.0
0.01788351217947426,0.0,0.0,0.0,0.0
0.04319905178211236,0.0,0.0,0.0,0.0
-0.012435019881019471,-0.0,-0.0,0.0,0.0
-0.008251957560293621,-0.0,-0.0,0.0,0.0
0.055531578749093535,0.0,0.0,0.0,0.0
-0.015006541919421745,-0.0,-0.0,0.0,0.0
-0.052581426384768815,-0.0,-0.0,0.0,0.0
-0.0275311554985731,-0.0,-0.0,0.0,0.0
-0.02464289627309879,-0.0,-0.0,0.0,0.0
-0.041955292772068775,-0.0,-0.0,0.0,0.0
0.030365632981561363,0.0,0.0,0.0,0.0
0.011093361885270214,0.0,0.0,0.0,0.0
0.048116339099676386,0.0,0.0,0.0,0.0
-0.0012611742441009932,-0.0,-0.0,0.0,0.0
-0.043313546911235346,-0.0,-0.0,0.0,0.0
-0.004619877581910847,-0.0,-0.0,0.0,0.0
0.0054369204761648415,0.0,0.0,0.0,0.0
0.01371678258498732,0.0,0.0,0.0,0.0
0.02537076525889792,0.0,0.0,0.0,0.0
0.02150716478319703,0.0,0.0,0.0,0.0
0.055338576885662016,0.0,0.0,0.0,0.0
0.047963487779892455,0.0,0.0,0.0,0.0
0.013646376505650704,0.0,0.0,0.0,0.0
-0.040498670496320166,-0.0,-0.0,0.0,0.0
-0.017033187369141722,-0.0,-0.0,0.0,0.0
-0.02884156549648742,-0.0,-0.0,0.0,0.0
0.07602966367664554,0.0,0.0,0.0,0.0
0.01090507061195889,0.0,0.0,0.0,0.0
0.009953144989254037,0.0,0.0,0.0,0.0
0.015306039819849238,0.0,0.0,0.0,0.0
0.004609160316413119,0.0,0.0,0.0,0.0
0.019810043727328086,0.0,0.0,0.0,0.0
0.01704339231628893,0.0,0.0,0.0,0.0
-0.01176190027440227,-0.0,-0.0,0.0,0.0
-0.06298361703520938,-0.0,-0.0,0.0,0.0
-0.0397346493158508,-0.0,-0.0,0.0,0.0
0.05917116699755609,0.0,0.0,0.0,0.0
-0.008564893047287359,-0.0,-0.0,0.0,0.0
0.042748461205079025,0.0,0.0,0.0,0.0
0.01726451445071775,0.0,0.0,0.0,0.0
-0.008039141398301308,-0.0,-0.0,0.0,0.0
-0.028814600576662297,-0.0,-0.0,0.0,0.0
0.023888587294250252,0.0,0.0,0.0,0.0
-0.0492198891708755,-0.0,-0.0,0.0,0.0
-0.04566101516436982,-0.0,-0.0,0.0,0.0
0.008629990059268788,0.0,0.0,0.0,0.0
0.00238648572688982,0.0,0.0,0.0,0.0
0.04012330137855047,0.0,0.0,0.0,0.0
-0.09227957426094668,-0.0,-0.0,0.0,0.0
-0.028228718154866828,-0.0,-0.0,0.0,0.0
-0.02107462433250462,-0.0,-0.0,0.0,0.0
-0.02417891664805616,-0.0,-0.0,0.0,0.0
-0.0766529770268537,-0.0,-0.0,0.0,0.0
-0.020807918670887382,-0.0,-0.0,0.0,0.0
-0.013336197946646089,-0.0,-0.0,0.0,0.0
0.018794941959352496,0.0,0.0,0.0,0.0
0.020125350492299132,0.0,0.0,0.0,0.0
0.028377579711727385,0.0,0.0,0.0,0.0
0.00820168494627671,0.0,0.0,0.0,0.0
-0.09472591821631615,-0.0,-0.0,0.0,0.0
-0.00022845751766287226,-0.0,-0.0,0.0,0.0
-0.015158441892421215,-0.0,-0.0,0.0,0.0
0.02080584075629832,0.0,0.0,0.0,0.0
0.013941556694552215,0.0,0.0,0.0,0.0
-0.01539376976090534,-0.0,-0.0,0.0,0.0
0.006451194023058715,0.0,0.0,0.0,0.0
-0.05278652634149661,-0.0,-0.0,0.0,0.0
-0.003582369179676248,-0.0,-0.0,0.0,0.0
-0.023010735856552555,-0.0,-0.0,0.0,0.0
0.015129393571067684,0.0,0.0,0.0,0.0
0.026021129923895492,0.0,0.0,0.0,0.0
-0.040515117969028736,-0.0,-0.0,0.0,0.0
-0.00662843747109132,-0.0,-0.0,0.0,0.0
0.030727443146419953,0.0,0.0,0.0,0.0
0.05234975729083269,0.0,0.0,0.0,0.0
0.003189660129487626,0.0,0.0,0.0,0.0
-0.00598064344845195,-0.0,-0.0,0.0,0.0
-0.08027431239746086,-0.0,-0.0,0.0,0.0
-0.03362032984978558,-0.0,-0.0,0.0,0.0
-0.007197890318383915,-0.0,-0.0,0.0,0.0
-0.007422800403595997,-0.0,-0.0,0.0,0.0
0.03999997343259132,0.0,0.0,0.0,0.0
-0.06128737299253606,-0.0,-0.0,0.0,0.0
0.05887556508252212,0.0,0.0,0.0,0.0
0.0066454564189484255,0.0,0.0,0.0,0.0
0.007019410787877156,0.0,0.0,0.0,0.0
0.011866084917697695,0.0,0.0,0.0,0.0
0.022306093341284194,0.0,0.0,0.0,0.0
0.010669087715721393,0.0,0.0,0.0,0.0
0.05254381644724382,0.0,0.0,0.0,0.0
-0.02752449661839529,-0.0,-0.0,0.0,0.0
0.021712273123600134,0.0,0.0,0.0,0.0
0.04993936335581517,0.0,0.0,0.0,0.0
-0.024360341493522397,-0.0,-0.0,0.0,0.0
0.0034082828750992,0.0,0.0,0.0,0.0
-0.02392386122297907,-0.0,-0.0,0.0,0.0
0.01528088212627643,0.0,0.0,0.0,0.0
0.05476507454519308,0.0,0.0,0.0,0.0
0.010242963590061382,0.0,0.0,0.0,0.0
0.021047518999688597,0.0,0.0,0.0,0.0
-0.05656757812121982,-0.0,-0.0,0.0,0.0
0.1432926252418536,0.0,0.0,0.0,0.0
0.03663489689494259,0.0,0.0,0.0,0.0
-0.0019598234439653917,-0.0,-0.0,0.0,0.0
0.022767555129470374,0.0,0.0,0.0,0.0
-0.04536165512689927,-0.0,-0.0,0.0,0.0
-0.014644948806890379,-0.0,-0.0,0.0,0.0
-0.01709510865163033,-0.0,-0.0,0.0,0.0
-0.005970433537234476,-0.0,-0.0,0.0,0.0
0.04707170975009656,0.0,0.0,0.0,0.0
0.029991496519669036,0.0,0.0,0.0,0.0
-0.015073732979917542,-0.0,-0.0,0.0,0.0
-0.027227915088593124,-0.0,-0.0,0.0,0.0
-0.01187862531530448,-0.0,-0.0,0.0,0.0
0.08237925890254427,0.0,0.0,0.0,0.0
0.012527518022436235,0.0,0.0,0.0,0.0
-0.015115260686718868,-0.0,-0.0,0.0,0.0
-0.015761942808545704,-0.0,-0.0,0.0,0.0
-0.037507710594480326,-0.0,-0.0,0.0,0.0
0.008319334233542808,0.0,0.0,0.0,0.0
0.06507459660490977,0.0,0.0,0.0,0.0
-0.009785280671346541,-0.0,-0.0,0.0,0.0
0.03140990111283992,0.0,0.0,0.0,0.0
0.030624617252163144,0.0,0.0,0.0,0.0
-0.02202309000805891,-0.0,-0.0,0.0,0.0
-0.040851208522929894,-0.0,-0.0,0.0,0.0
-0.022475079773441764,-0.0,-0.0,0.0,0.0
-0.01912984173285137,-0.0,-0.0,0.0,0.0
-0.010397443896132175,-0.0,-0.0,0.0,0.0
0.025862594861757238,0.0,0.0,0.0,0.0
-0.07041985554153873,-0.0,-0.0,0.0,0.0
-0.008670786230812855,-0.0,-0.0,0.0,0.0
-0.07135332037913478,-0.0,-0.0,0.0,0.0
-0.006019416793206278,-0.0,-0.0,0.0,0.0
0.04039608447397436,0.0,0.0,0.0,0.0
0.000753329224938204,0.0,0.0,0.0,0.0
-0.020459911872290237,-0.0,-0.0,0.0,0.0
0.03031779483863284,0.0,0.0,0.0,0.0
-0.032815718595824106,-0.0,-0.0,0.0,0.0
0.04164038078638432,0.0,0.0,0.0,0.0
0.05175315940120084,0.0,0.0,0.0,0.0
0.017980598307219875,0.0,0.0,0.0,0.0
0.005782810936185712,0.0,0.0,0.0,0.0
0.031872900443663976,0.0,0.0,0.0,0.0
0.023499594742872665,0.0,0.0,0.0,0.0
0.04751779074598783,0.0,0.0,0.0,0.0
-0.01835969115808167,-0.0,-0.0,0.0,0.0
-0.03521882708423574,-0.0,-0.0,0.0,0.0
0.06406200128150186,0.0,0.0,0.0,0.0
0.07590105718163942,0.0,0.0,0.0,0.0
0.0037513466404435203,0.0,0.0,0.0,0.0
0.0030107701201751436,0.0030107701201751436,0.0020107701201751435,1.0,0.001
0.02478901770738684,0.02478901770738684,0.02478901770738684,0.0,0.0
0.02843137453386202,0.02843137453386202,0.02843137453386202,0.0,0.0
-0.05907181737069922,-0.05907181737069922,-0.05907181737069922,0.0,0.0
0.019570041698692364,0.019570041698692364,0.019570041698692364,0.0,0.0
0.07196597901546808,0.07196597901546808,0.07196597901546808,0.0,0.0
0.03657528663688403,0.03657528663688403,0.03657528663688403,0.0,0.0
-0.028052986815731984,-0.028052986815731984,-0.028052986815731984,0.0,0.0
-0.000521141988572893,-0.000521141988572893,-0.000521141988572893,0.0,0.0
0.05140116358540725,0.05140116358540725,0.05140116358540725,0.0,0.0
0.0014433417338852728,0.0014433417338852728,0.0014433417338852728,0.0,0.0
0.005944558889640517,0.005944558889640517,0.005944558889640517,0.0,0.0
-0.0479923245099555,-0.0479923245099555,-0.0479923245099555,0.0,0.0
0.02459466808796873,0.02459466808796873,0.02459466808796873,0.0,0.0
0.054295948941925465,0.054295948941925465,0.054295948941925465,0.0,0.0
-0.00901150819951424,-0.00901150819951424,-0.00901150819951424,0.0,0.0
-0.03347376934412538,-0.03347376934412538,-0.03347376934412538,0.0,0.0
-0.027906643398115438,-0.027906643398115438,-0.027906643398115438,0.0,0.0
-0.03427157178288631,-0.03427157178288631,-0.03427157178288631,0.0,0.0
0.004792990023338328,0.004792990023338328,0.004792990023338328,0.0,0.0
0.1402140237755749,0.1402140237755749,0.1402140237755749,0.0,0.0
-0.015973641897578772,-0.015973641897578772,-0.015973641897578772,0.0,0.0
0.009232784990778509,0.009232784990778509,0.009232784990778509,0.0,0.0
-0.01212695304202227,-0.01212695304202227,-0.01212695304202227,0.0,0.0
-0.02231211752922857,-0.02231211752922857,-0.02231211752922857,0.0,0.0
0.027138651949864867,0.027138651949864867,0.027138651949864867,0.0,0.0
0.02470638020790683,0.02470638020790683,0.02470638020790683,0.0,0.0
-0.014064277492712995,-0.014064277492712995,-0.014064277492712995,0.0,0.0
-0.011125363244333775,-0.011125363244333775,-0.011125363244333775,0.0,0.0
0.038345941200152556,0.038345941200152556,0.038345941200152556,0.0,0.0
-0.030809315019748262,-0.030809315019748262,-0.030809315019748262,0.0,0.0
-0.020097428106802595,-0.020097428106802595,-0.020097428106802595,0.0,0.0
4.35518965313797e-05,4.35518965313797e-05,4.35518965313797e-05,0.0,0.0
0.047766371205405056,0.047766371205405056,0.047766371205405056,0.0,0.0
0.006856970706231147,0.006856970706231147,0.006856970706231147,0.0,0.0
0.05419344846156915,0.05419344846156915,0.05419344846156915,0.0,0.0
0.007204201650088837,0.007204201650088837,0.007204201650088837,0.0,0.0
0.006802684747010179,0.006802684747010179,0.006802684747010179,0.0,0.0
0.011544365134718682,0.011544365134718682,0.011544365134718682,0.0,0.0
0.010267410940427935,0.010267410940427935,0.010267410940427935,0.0,0.0
0.027316088265834537,0.027316088265834537,0.027316088265834537,0.0,0.0
-0.015152040563618185,-0.015152040563618185,-0.015152040563618185,0.0,0.0
-0.009260987720370761,-0.009260987720370761,-0.009260987720370761,0.0,0.0
-0.004560611302635409,-0.004560611302635409,-0.004560611302635409,0.0,0.0
0.021734182902770405,0.021734182902770405,0.021734182902770405,0.0,0.0
0.014786495566597724,0.014786495566597724,0.014786495566597724,0.0,0.0
0.014388484695388337,0.014388484695388337,0.014388484695388337,0.0,0.0
0.006768235552408353,0.006768235552408353,0.006768235552408353,0.0,0.0
-0.01830855819745858,-0.01830855819745858,-0.01830855819745858,0.0,0.0
-0.02083579718999018,-0.02083579718999018,-0.02083579718999018,0.0,0.0
0.0058034862527203135,0.0058034862527203135,0.0058034862527203135,0.0,0.0
0.020046535857311865,0.020046535857311865,0.020046535857311865,0.0,0.0
-0.014866339768633718,-0.014866339768633718,-0.014866339768633718,0.0,0.0
-0.024807668489021495,-0.024807668489021495,-0.024807668489021495,0.0,0.0
-0.0012076912730761835,-0.0012076912730761835,-0.0012076912730761835,0.0,0.0
0.011147578159018456,0.011147578159018456,0.011147578159018456,0.0,0.0
0.009118741805658415,0.009118741805658415,0.009118741805658415,0.0,0.0
0.024627731759043536,0.024627731759043536,0.024627731759043536,0.0,0.0
0.009542082423425358,0.009542082423425358,0.009542082423425358,0.0,0.0
-0.029608565137469678,-0.029608565137469678,-0.029608565137469678,0.0,0.0
0.0005533061964237973,0.0005533061964237973,0.0005533061964237973,0.0,0.0
-0.002839255287409137,-0.002839255287409137,-0.002839255287409137,0.0,0.0
-0.029620590232185218,-0.029620590232185218,-0.029620590232185218,0.0,0.0
0.02724739193995207,0.02724739193995207,0.02724739193995207,0.0,0.0
0.010016318578070171,0.010016318578070171,0.010016318578070171,0.0,0.0
0.01920960515310921,0.01920960515310921,0.01920960515310921,0.0,0.0
0.04183934038867476,0.04183934038867476,0.04183934038867476,0.0,0.0
-0.02421307889721014,-0.02421307889721014,-0.02421307889721014,0.0,0.0
-0.014462900365160292,-0.014462900365160292,-0.014462900365160292,0.0,0.0
-0.008632491048885527,-0.008632491048885527,-0.008632491048885527,0.0,0.0
0.04056310073825942,0.04056310073825942,0.04056310073825942,0.0,0.0
0.016422510701276094,0.016422510701276094,0.016422510701276094,0.0,0.0
-0.019896429794679205,-0.019896429794679205,-0.019896429794679205,0.0,0.0
0.010990154769929372,0.010990154769929372,0.010990154769929372,0.0,0.0
-0.01062830292487138,-0.01062830292487138,-0.01062830292487138,0.0,0.0
-0.008328091444368968,-0.008328091444368968,-0.008328091444368968,0.0,0.0
0.021630228682026242,0.021630228682026242,0.021630228682026242,0.0,0.0
0.008980074567508822,0.008980074567508822,0.008980074567508822,0.0,0.0
0.033033078946243855,0.033033078946243855,0.033033078946243855,0.0,0.0
0.04970515339271886,0.04970515339271886,0.04970515339271886,0.0,0.0
-0.013068990246234424,-0.013068990246234424,-0.013068990246234424,0.0,0.0
-0.002814727108409465,-0.002814727108409465,-0.002814727108409465,0.0,0.0
-0.01565302242470501,-0.01565302242470501,-0.01565302242470501,0.0,0.0
-0.004887922725205218,-0.004887922725205218,-0.004887922725205218,0.0,0.0
0.2436963738946012,0.2436963738946012,0.2436963738946012,0.0,0.0
0.02543432174002902,0.02543432174002902,0.02543432174002902,0.0,0.0
0.02991328080309552,0.02991328080309552,0.02991328080309552,0.0,0.0
-0.056767564426380424,-0.056767564426380424,-0.056767564426380424,0.0,0.0
0.05117109779615814,0.05117109779615814,0.05117109779615814,0.0,0.0
-0.01113911078897567,-0.01113911078897567,-0.01113911078897567,0.0,0.0
-0.003966538308841194,-0.003966538308841194,-0.003966538308841194,0.0,0.0
-0.013198724849959542,-0.013198724849959542,-0.013198724849959542,0.0,0.0
-0.03040105933119841,-0.03040105933119841,-0.03040105933119841,0.0,0.0
0.027618599841675362,0.027618599841675362,0.027618599841675362,0.0,0.0
0.006751341417022383,0.006751341417022383,0.006751341417022383,0.0,0.0
0.018364642881334214,0.018364642881334214,0.018364642881334214,0.0,0.0
0.039005170635415976,0.039005170635415976,0.039005170635415976,0.0,0.0
0.04814490143673744,0.04814490143673744,0.04814490143673744,0.0,0.0
-0.00800046304873736,-0.00800046304873736,-0.00800046304873736,0.0,0.0
0.0009142364586331997,0.0009142364586331997,0.0009142364586331997,0.0,0.0
0.026140839771370716,0.026140839771370716,0.026140839771370716,0.0,0.0
-0.017416921685236342,-0.017416921685236342,-0.017416921685236342,0.0,0.0
-0.00046457189287729683,-0.00046457189287729683,-0.00046457189287729683,0.0,0.0
-0.018965809395296795,-0.018965809395296795,-0.018965809395296795,0.0,0.0
-0.037361714757355946,-0.037361714757355946,-0.037361714757355946,0.0,0.0
0.03061620962708478,0.03061620962708478,0.03061620962708478,0.0,0.0
-0.018124674704374066,-0.018124674704374066,-0.018124674704374066,0.0,0.0
-0.00717493251916923,-0.00717493251916923,-0.00717493251916923,0.0,0.0
0.03625491600480979,0.03625491600480979,0.03625491600480979,0.0,0.0
0.002624072019096202,0.002624072019096202,0.002624072019096202,0.0,0.0
-0.0022633358757501165,-0.0022633358757501165,-0.0022633358757501165,0.0,0.0
-0.005057220940463014,-0.005057220940463014,-0.005057220940463014,0.0,0.0
0.009500592007803954,0.009500592007803954,0.009500592007803954,0.0,0.0
-0.007599424304543079,-0.007599424304543079,-0.007599424304543079,0.0,0.0
0.005334179634935543,0.005334179634935543,0.005334179634935543,0.0,0.0
0.035302423294767404,0.035302423294767404,0.035302423294767404,0.0,0.0
0.0472645162176597,0.0472645162176597,0.0472645162176597,0.0,0.0
-0.0110491471985108,-0.0110491471985108,-0.0110491471985108,0.0,0.0
0.021817070953268125,0.021817070953268125,0.021817070953268125,0.0,0.0
0.02223385001997613,0.02223385001997613,0.02223385001997613,0.0,0.0
-0.008780231094582924,-0.008780231094582924,-0.008780231094582924,0.0,0.0
-0.03307346366708441,-0.03307346366708441,-0.03307346366708441,0.0,0.0
-0.02660368094969956,-0.02660368094969956,-0.02660368094969956,0.0,0.0
0.0068384453257759326,0.0068384453257759326,0.0068384453257759326,0.0,0.0
0.023917277628825673,0.023917277628825673,0.023917277628825673,0.0,0.0
-0.0049694533626369886,-0.0049694533626369886,-0.0049694533626369886,0.0,0.0
0.009856612237470141,0.009856612237470141,0.009856612237470141,0.0,0.0
0.0185184045584994,0.0185184045584994,0.0185184045584994,0.0,0.0
-0.0004491457738902138,-0.0004491457738902138,-0.0004491457738902138,0.0,0.0
-0.004750864489720064,-0.004750864489720064,-0.004750864489720064,0.0,0.0
-0.04812167269422796,-0.04812167269422796,-0.04812167269422796,0.0,0.0
0.0055568699906085595,0.0055568699906085595,0.0055568699906085595,0.0,0.0
0.0037066880303422423,0.0037066880303422423,0.0037066880303422423,0.0,0.0
0.01649496373081427,0.01649496373081427,0.01649496373081427,0.0,0.0
-0.01657952521798811,-0.01657952521798811,-0.01657952521798811,0.0,0.0
-0.04724182135165622,-0.04724182135165622,-0.04724182135165622,0.0,0.0
-0.0039009136187443394,-0.0039009136187443394,-0.0039009136187443394,0.0,0.0
-0.03616593538452528,-0.03616593538452528,-0.03616593538452528,0.0,0.0
0.07093379101128106,0.07093379101128106,0.07093379101128106,0.0,0.0
0.004274099673100107,0.004274099673100107,0.004274099673100107,0.0,0.0
-0.010332342644843728,-0.010332342644843728,-0.010332342644843728,0.0,0.0
-0.003265282619866139,-0.003265282619866139,-0.003265282619866139,0.0,0.0
-0.001038274185756194,-0.001038274185756194,-0.001038274185756194,0.0,0.0
0.08471329011128037,0.08471329011128037,0.08471329011128037,0.0,0.0
-0.02765758506308036,-0.02765758506308036,-0.02765758506308036,0.0,0.0
0.03170692708958889,0.03170692708958889,0.03170692708958889,0.0,0.0
0.000997603612566289,0.000997603612566289,0.000997603612566289,0.0,0.0
-0.024277563404153546,-0.024277563404153546,-0.024277563404153546,0.0,0.0
0.017754011866200514,0.017754011866200514,0.017754011866200514,0.0,0.0
0.04161414002518682,0.04161414002518682,0.04161414002518682,0.0,0.0
0.009839234062210656,0.009839234062210656,0.009839234062210656,0.0,0.0
0.0018471571948592835,0.0018471571948592835,0.0018471571948592835,0.0,0.0
-0.01714101118168776,-0.01714101118168776,-0.01714101118168776,0.0,0.0
0.000803948657133402,0.000803948657133402,0.000803948657133402,0.0,0.0
-0.030549645640999046,-0.030549645640999046,-0.030549645640999046,0.0,0.0
-0.01742422884583994,-0.01742422884583994,-0.01742422884583994,0.0,0.0
-0.014467522710665315,-0.014467522710665315,-0.014467522710665315,0.0,0.0
-0.008645766052845283,-0.008645766052845283,-0.008645766052845283,0.0,0.0
-0.006817617516442054,-0.006817617516442054,-0.006817617516442054,0.0,0.0
0.013706546727010771,0.013706546727010771,0.013706546727010771,0.0,0.0
0.002110466574978931,0.002110466574978931,0.002110466574978931,0.0,0.0
-0.03687945685384897,-0.03687945685384897,-0.03687945685384897,0.0,0.0
0.001503478832490801,0.001503478832490801,0.001503478832490801,0.0,0.0
-0.010144206879524775,-0.010144206879524775,-0.010144206879524775,0.0,0.0
-0.029434778376188242,-0.029434778376188242,-0.029434778376188242,0.0,0.0
-0.028930670305658324,-0.028930670305658324,-0.028930670305658324,0.0,0.0
0.014457459788331795,0.014457459788331795,0.014457459788331795,0.0,0.0
0.0147080338737815,0.0147080338737815,0.0147080338737815,0.0,0.0
-0.00736579612212529,-0.00736579612212529,-0.00736579612212529,0.0,0.0
0.013289936630675347,0.013289936630675347,0.013289936630675347,0.0,0.0
0.01462280260272486,0.01462280260272486,0.01462280260272486,0.0,0.0
0.009515297614908658,0.009515297614908658,0.009515297614908658,0.0,0.0
0.029495053403864713,0.029495053403864713,0.029495053403864713,0.0,0.0
-0.028248164314215507,-0.028248164314215507,-0.028248164314215507,0.0,0.0
0.012041334744474996,0.012041334744474996,0.012041334744474996,0.0,0.0
0.014690871791102955,0.014690871791102955,0.014690871791102955,0.0,0.0
0.024033238897271714,0.024033238897271714,0.024033238897271714,0.0,0.0
-0.010685711230747574,-0.010685711230747574,-0.010685711230747574,0.0,0.0
0.011596376007094511,0.011596376007094511,0.011596376007094511,0.0,0.0
0.022009661249562162,0.022009661249562162,0.022009661249562162,0.0,0.0
0.002969655337975441,0.002969655337975441,0.002969655337975441,0.0,0.0
-0.031611505038214416,-0.031611505038214416,-0.031611505038214416,0.0,0.0
0.013946208787707581,0.013946208787707581,0.013946208787707581,0.0,0.0
-0.04679470852751644,-0.04679470852751644,-0.04679470852751644,0.0,0.0
-0.03964689555581735,-0.03964689555581735,-0.03964689555581735,0.0,0.0
-0.0022512705174376757,-0.0022512705174376757,-0.0022512705174376757,0.0,0.0
-0.016959296853511607,-0.016959296853511607,-0.016959296853511607,0.0,0.0
0.03836963716944242,0.03836963716944242,0.03836963716944242,0.0,0.0
0.016009218058342656,0.016009218058342656,0.016009218058342656,0.0,0.0
-0.043148644008651815,-0.043148644008651815,-0.043148644008651815,0.0,0.0
-0.03477820775642504,-0.03477820775642504,-0.03477820775642504,0.0,0.0
0.0043148568730864145,0.0043148568730864145,0.0043148568730864145,0.0,0.0
0.01632099813244081,0.01632099813244081,0.01632099813244081,0.0,0.0
-0.00925636583786782,-0.00925636583786782,-0.00925636583786782,0.0,0.0
0.037886336311406366,0.037886336311406366,0.037886336311406366,0.0,0.0
0.027902933052078138,0.027902933052078138,0.027902933052078138,0.0,0.0
0.03445506051052383,0.03445506051052383,0.03445506051052383,0.0,0.0
0.016575999706907707,0.016575999706907707,0.016575999706907707,0.0,0.0
0.004458927958560288,0.004458927958560288,0.004458927958560288,0.0,0.0
0.013469556811640304,0.013469556811640304,0.013469556811640304,0.0,0.0
0.00807320413125412,0.00807320413125412,0.00807320413125412,0.0,0.0
0.029499466064184077,0.029499466064184077,0.029499466064184077,0.0,0.0
0.005896329589907712,0.005896329589907712,0.005896329589907712,0.0,0.0
0.02130822172614666,0.02130822172614666,0.02130822172614666,0.0,0.0
-0.015466535240458379,-0.015466535240458379,-0.015466535240458379,0.0,0.0
0.012109422940419057,0.012109422940419057,0.012109422940419057,0.0,0.0
-0.00367819255450641,-0.00367819255450641,-0.00367819255450641,0.0,0.0
0.022536266600352572,0.022536266600352572,0.022536266600352572,0.0,0.0
-0.009224465993512565,-0.009224465993512565,-0.009224465993512565,0.0,0.0
-0.02458766336536511,-0.02458766336536511,-0.02458766336536511,0.0,0.0
-0.019295503072242703,-0.019295503072242703,-0.019295503072242703,0.0,0.0
0.00975392967248534,0.00975392967248534,0.00975392967248534,0.0,0.0
-0.00872684877876806,-0.00872684877876806,-0.00872684877876806,0.0,0.0
0.0066707584056904246,0.0066707584056904246,0.0066707584056904246,0.0,0.0
-0.02845858482869512,-0.02845858482869512,-0.02845858482869512,0.0,0.0
-0.00010698595431923863,-0.00010698595431923863,-0.00010698595431923863,0.0,0.0
-0.026836352085600534,-0.026836352085600534,-0.026836352085600534,0.0,0.0
0.02329362960756365,0.02329362960756365,0.02329362960756365,0.0,0.0
-0.022827805641685184,-0.022827805641685184,-0.022827805641685184,0.0,0.0
0.024020567922655944,0.024020567922655944,0.024020567922655944,0.0,0.0
0.019529412920996414,0.019529412920996414,0.019529412920996414,0.0,0.0
-0.01850292013744037,-0.01850292013744037,-0.01850292013744037,0.0,0.0
0.022090351822554366,0.022090351822554366,0.022090351822554366,0.0,0.0
0.009043806493259865,0.009043806493259865,0.009043806493259865,0.0,0.0
0.005448171185381323,0.005448171185381323,0.005448171185381323,0.0,0.0
0.011168500430656758,0.011168500430656758,0.011168500430656758,0.0,0.0
0.024279189959375502,0.024279189959375502,0.024279189959375502,0.0,0.0
-0.009445608814265594,-0.009445608814265594,-0.009445608814265594,0.0,0.0
-0.030098311950677692,-0.030098311950677692,-0.030098311950677692,0.0,0.0
0.018270243685746923,0.018270243685746923,0.018270243685746923,0.0,0.0
-0.003265942816242373,-0.003265942816242373,-0.003265942816242373,0.0,0.0
0.00919506505690837,0.00919506505690837,0.00919506505690837,0.0,0.0
0.002800476160715215,0.002800476160715215,0.002800476160715215,0.0,0.0
0.0021247843783671616,0.0021247843783671616,0.0021247843783671616,0.0,0.0
0.0,0.0,0.0,0.0,0.0
-0.027341452811668443,-0.027341452811668443,-0.027341452811668443,0.0,0.0
-0.012435610020651522,-0.012435610020651522,-0.012435610020651522,0.0,0.0
0.009018498391536678,0.009018498391536678,0.009018498391536678,0.0,0.0
0.02289669916594783,0.02289669916594783,0.02289669916594783,0.0,0.0
0.06428103816643893,0.06428103816643893,0.06428103816643893,0.0,0.0
0.016975152424261175,0.016975152424261175,0.016975152424261175,0.0,0.0
0.022770028763721584,0.022770028763721584,0.022770028763721584,0.0,0.0
0.008684316408951842,0.008684316408951842,0.008684316408951842,0.0,0.0
-0.0020429708180341732,-0.0020429708180341732,-0.0020429708180341732,0.0,0.0
0.030561225621564603,0.030561225621564603,0.030561225621564603,0.0,0.0
-0.005835126900777032,-0.005835126900777032,-0.005835126900777032,0.0,0.0
0.01880350283368304,0.01880350283368304,0.01880350283368304,0.0,0.0
0.04174624311612751,0.04174624311612751,0.04174624311612751,0.0,0.0
0.0027399444916023086,0.0027399444916023086,0.0027399444916023086,0.0,0.0
0.003671170264851531,0.003671170264851531,0.003671170264851531,0.0,0.0
0.024869318776135296,0.024869318776135296,0.024869318776135296,0.0,0.0
0.0041555426162820375,0.0041555426162820375,0.0041555426162820375,0.0,0.0
-0.009510297738524076,-0.009510297738524076,-0.009510297738524076,0.0,0.0
0.023496238133132508,0.023496238133132508,0.023496238133132508,0.0,0.0
0.004946741847171809,0.004946741847171809,0.004946741847171809,0.0,0.0
-0.01986484244436293,-0.01986484244436293,-0.01986484244436293,0.0,0.0
0.024379534244400203,0.024379534244400203,0.024379534244400203,0.0,0.0
0.049708924739692684,0.049708924739692684,0.049708924739692684,0.0,0.0
0.04794432124996839,0.04794432124996839,0.04794432124996839,0.0,0.0
-0.015995478366020333,-0.015995478366020333,-0.015995478366020333,0.0,0.0
0.027497866448396246,0.027497866448396246,0.027497866448396246,0.0,0.0
-0.006533587806873076,-0.006533587806873076,-0.006533587806873076,0.0,0.0
0.035783835989865675,0.035783835989865675,0.035783835989865675,0.0,0.0
0.0015940044101776518,0.0015940044101776518,0.0015940044101776518,0.0,0.0
-0.0016607720878726306,-0.0016607720878726306,-0.0016607720878726306,0.0,0.0
0.024567298397196957,0.024567298397196957,0.024567298397196957,0.0,0.0
-0.016806494419697282,-0.016806494419697282,-0.016806494419697282,0.0,0.0
-0.0006193802352782996,-0.0006193802352782996,-0.0006193802352782996,0.0,0.0
-0.04353201629256398,-0.04353201629256398,-0.04353201629256398,0.0,0.0
-0.028508882794067714,-0.028508882794067714,-0.028508882794067714,0.0,0.0
0.1640085807788607,0.1640085807788607,0.1640085807788607,0.0,0.0
0.0035525352753418282,0.0035525352753418282,0.0035525352753418282,0.0,0.0
0.003489214279883024,0.003489214279883024,0.003489214279883024,0.0,0.0
-0.004943864378554319,-0.004943864378554319,-0.004943864378554319,0.0,0.0
-0.013188945144307351,-0.013188945144307351,-0.013188945144307351,0.0,0.0
0.018657349376181687,0.018657349376181687,0.018657349376181687,0.0,0.0
0.04003181937247913,0.04003181937247913,0.04003181937247913,0.0,0.0
0.03595089833413345,0.03595089833413345,0.03595089833413345,0.0,0.0
0.008576534845665229,0.008576534845665229,0.008576534845665229,0.0,0.0
0.03182725013517729,0.03182725013517729,0.03182725013517729,0.0,0.0
0.04474627112256124,0.04474627112256124,0.04474627112256124,0.0,0.0
-0.055476940737934965,-0.055476940737934965,-0.055476940737934965,0.0,0.0
-0.0200392312283717,-0.0200392312283717,-0.0200392312283717,0.0,0.0
0.07157172606714468,0.07157172606714468,0.07157172606714468,0.0,0.0
-0.011151821804690987,-0.011151821804690987,-0.011151821804690987,0.0,0.0
-0.032391562337401036,-0.032391562337401036,-0.032391562337401036,0.0,0.0
-0.0012166726593371147,-0.0012166726593371147,-0.0012166726593371147,0.0,0.0
0.007035823429689225,0.007035823429689225,0.007035823429689225,0.0,0.0
0.010660725815685668,0.010660725815685668,0.010660725815685668,0.0,0.0
0.010895155705088477,0.010895155705088477,0.010895155705088477,0.0,0.0
0.011762399744741137,0.011762399744741137,0.011762399744741137,0.0,0.0
0.031213545402556386,0.031213545402556386,0.031213545402556386,0.0,0.0
0.007561683187046864,0.007561683187046864,0.007561683187046864,0.0,0.0
-0.02569408280420271,-0.02569408280420271,-0.02569408280420271,0.0,0.0
-0.0249674124423781,-0.0249674124423781,-0.0249674124423781,0.0,0.0
0.001174591146886117,0.001174591146886117,0.001174591146886117,0.0,0.0
7.745960211447134e-05,7.745960211447134e-05,7.745960211447134e-05,0.0,0.0
-0.010081553491214756,-0.010081553491214756,-0.010081553491214756,0.0,0.0
-0.005455466802138931,-0.005455466802138931,-0.005455466802138931,0.0,0.0
-0.034384721615360436,-0.034384721615360436,-0.034384721615360436,0.0,0.0
0.024480645003371215,0.024480645003371215,0.024480645003371215,0.0,0.0
-0.00994233268391298,-0.00994233268391298,-0.00994233268391298,0.0,0.0
-0.020417212384698402,-0.020417212384698402,-0.020417212384698402,0.0,0.0
0.01974145551854911,0.01974145551854911,0.01974145551854911,0.0,0.0
0.0410964345681577,0.0410964345681577,0.0410964345681577,0.0,0.0
-0.02681635609302946,-0.02681635609302946,-0.02681635609302946,0.0,0.0
-0.02477723090195738,-0.02477723090195738,-0.02477723090195738,0.0,0.0
0.016441664890963548,0.016441664890963548,0.016441664890963548,0.0,0.0
-0.038666128704554104,-0.038666128704554104,-0.038666128704554104,0.0,0.0
0.007568219147027655,0.007568219147027655,0.007568219147027655,0.0,0.0
-0.10004588239324008,-0.10004588239324008,-0.10004588239324008,0.0,0.0
0.04354321884052559,0.04354321884052559,0.04354321884052559,0.0,0.0
0.036532642711439633,0.036532642711439633,0.036532642711439633,0.0,0.0
-0.03331589661274803,-0.03331589661274803,-0.03331589661274803,0.0,0.0
0.03708717535681849,0.03708717535681849,0.03708717535681849,0.0,0.0
0.061755802835135265,0.061755802835135265,0.061755802835135265,0.0,0.0
0.00025063012031201204,0.00025063012031201204,0.00025063012031201204,0.0,0.0
-0.015440200078135957,-0.015440200078135957,-0.015440200078135957,0.0,0.0
-0.03889976112105087,-0.03889976112105087,-0.03889976112105087,0.0,0.0
0.03342935645878531,0.03342935645878531,0.03342935645878531,0.0,0.0
0.034631834809267126,0.034631834809267126,0.034631834809267126,0.0,0.0
0.03774103269449358,0.03774103269449358,0.03774103269449358,0.0,0.0
-0.017212816886976512,-0.017212816886976512,-0.017212816886976512,0.0,0.0
-0.0015680561573807594,-0.0015680561573807594,-0.0015680561573807594,0.0,0.0
-0.01841577670740946,-0.01841577670740946,-0.01841577670740946,0.0,0.0
0.012744140717385166,0.012744140717385166,0.012744140717385166,0.0,0.0
0.005796717709757759,0.005796717709757759,0.005796717709757759,0.0,0.0
0.010586400967303122,0.010586400967303122,0.010586400967303122,0.0,0.0
0.035837739899305276,0.035837739899305276,0.035837739899305276,0.0,0.0
-0.002863754996912049,-0.002863754996912049,-0.002863754996912049,0.0,0.0
-0.01992404533531411,-0.01992404533531411,-0.01992404533531411,0.0,0.0
0.024881521868130863,0.024881521868130863,0.024881521868130863,0.0,0.0
0.006393751810367165,0.006393751810367165,0.006393751810367165,0.0,0.0
-0.004570849162217727,-0.004570849162217727,-0.004570849162217727,0.0,0.0
0.09319644527257509,0.09319644527257509,0.09319644527257509,0.0,0.0
0.02572279008480316,0.02572279008480316,0.02572279008480316,0.0,0.0
0.0698042439065969,0.0698042439065969,0.0698042439065969,0.0,0.0
0.008112285688190335,0.008112285688190335,0.008112285688190335,0.0,0.0
-0.03766609305165869,-0.03766609305165869,-0.03766609305165869,0.0,0.0
-0.007846002515180084,-0.007846002515180084,-0.007846002515180084,0.0,0.0
0.048954201721945756,0.048954201721945756,0.048954201721945756,0.0,0.0
0.012495617988699026,0.012495617988699026,0.012495617988699026,0.0,0.0
0.0515559018920122,0.0515559018920122,0.0515559018920122,0.0,0.0
-0.011777220035991576,-0.011777220035991576,-0.011777220035991576,0.0,0.0
-0.00090909434976294,-0.00090909434976294,-0.00090909434976294,0.0,0.0
0.0074613946271442355,0.0074613946271442355,0.0074613946271442355,0.0,0.0
-0.0071439283314742585,-0.0071439283314742585,-0.0071439283314742585,0.0,0.0
0.0354808509950697,0.0354808509950697,0.0354808509950697,0.0,0.0
0.035223704531633926,0.035223704531633926,0.035223704531633926,0.0,0.0
0.017514110388121562,0.017514110388121562,0.017514110388121562,0.0,0.0
-0.006824411448909662,-0.006824411448909662,-0.006824411448909662,0.0,0.0
0.03511981722825319,0.03511981722825319,0.03511981722825319,0.0,0.0
-0.035403399806249625,-0.035403399806249625,-0.035403399806249625,0.0,0.0
-0.032191589446051716,-0.032191589446051716,-0.032191589446051716,0.0,0.0
-0.06684043087590652,-0.06684043087590652,-0.06684043087590652,0.0,0.0
0.06756411933942985,0.06756411933942985,0.06756411933942985,0.0,0.0
0.0024585923596367465,0.0024585923596367465,0.0024585923596367465,0.0,0.0
-0.019066590453276633,-0.019066590453276633,-0.019066590453276633,0.0,0.0
-0.0036291546915108164,-0.0036291546915108164,-0.0036291546915108164,0.0,0.0
0.006151898975025327,0.006151898975025327,0.006151898975025327,0.0,0.0
-0.013113563575996912,-0.013113563575996912,-0.013113563575996912,0.0,0.0
0.04573247285411708,0.04573247285411708,0.04573247285411708,0.0,0.0
-0.01909878784713026,-0.01909878784713026,-0.01909878784713026,0.0,0.0
0.01883478123111071,0.01883478123111071,0.01883478123111071,0.0,0.0
0.024805153814217995,0.024805153814217995,0.024805153814217995,0.0,0.0
0.026868621550221627,0.026868621550221627,0.026868621550221627,0.0,0.0
-0.05566680281083014,-0.05566680281083014,-0.05566680281083014,0.0,0.0
0.014442861174414956,0.014442861174414956,0.014442861174414956,0.0,0.0
-0.006190240715967632,-0.006190240715967632,-0.006190240715967632,0.0,0.0
-0.0161942343149587,-0.0161942343149587,-0.0161942343149587,0.0,0.0
-0.06623936373122041,-0.06623936373122041,-0.06623936373122041,0.0,0.0
0.02627342119665066,0.02627342119665066,0.02627342119665066,0.0,0.0
-0.026096310111570986,-0.026096310111570986,-0.026096310111570986,0.0,0.0
0.04757067800105852,0.04757067800105852,0.04757067800105852,0.0,0.0
-0.007689935494759492,-0.007689935494759492,-0.007689935494759492,0.0,0.0
-0.06803163859197026,-0.06803163859197026,-0.06803163859197026,0.0,0.0
-0.0172428696228506,-0.0172428696228506,-0.0172428696228506,0.0,0.0
0.006946927280888859,0.006946927280888859,0.006946927280888859,0.0,0.0
-0.01300201426727654,-0.01300201426727654,-0.01300201426727654,0.0,0.0
-0.07043631850295973,-0.07043631850295973,-0.07043631850295973,0.0,0.0
0.12812095229441556,0.12812095229441556,0.12812095229441556,0.0,0.0
-0.06674060209219213,-0.06674060209219213,-0.06674060209219213,0.0,0.0
-0.01776398401856394,-0.01776398401856394,-0.01776398401856394,0.0,0.0
-0.06357790705277089,-0.06357790705277089,-0.06357790705277089,0.0,0.0
0.03782974411838169,0.03782974411838169,0.03782974411838169,0.0,0.0
-0.05122291898793119,-0.05122291898793119,-0.05122291898793119,0.0,0.0
0.06126777918738835,0.06126777918738835,0.06126777918738835,0.0,0.0
-0.002095856250740269,-0.002095856250740269,-0.002095856250740269,0.0,0.0
0.040763745845675325,0.040763745845675325,0.040763745845675325,0.0,0.0
0.06530905203284831,0.06530905203284831,0.06530905203284831,0.0,0.0
0.01670401962321466,0.01670401962321466,0.01670401962321466,0.0,0.0
0.04048107515375743,0.04048107515375743,0.04048107515375743,0.0,0.0
0.013999633877136208,0.013999633877136208,0.013999633877136208,0.0,0.0
0.043506003782331826,0.043506003782331826,0.043506003782331826,0.0,0.0
-0.021153663713040283,-0.021153663713040283,-0.021153663713040283,0.0,0.0
0.009823227014848834,0.009823227014848834,0.009823227014848834,0.0,0.0
-0.03704287719850896,-0.03704287719850896,-0.03704287719850896,0.0,0.0
0.04549854576927315,0.04549854576927315,0.04549854576927315,0.0,0.0
-0.02249356219428833,-0.02249356219428833,-0.02249356219428833,0.0,0.0
0.014550157421818755,0.014550157421818755,0.014550157421818755,0.0,0.0
-0.020966523088021938,-0.020966523088021938,-0.020966523088021938,0.0,0.0
-0.06384845026248953,-0.06384845026248953,-0.06384845026248953,0.0,0.0
0.015137375405547049,0.015137375405547049,0.015137375405547049,0.0,0.0
-0.09525012396807286,-0.09525012396807286,-0.09525012396807286,0.0,0.0
-0.016574089810091674,-0.016574089810091674,-0.016574089810091674,0.0,0.0
0.009415338052822575,0.009415338052822575,0.009415338052822575,0.0,0.0
-0.04085432364419428,-0.04085432364419428,-0.04085432364419428,0.0,0.0
0.035398272123289276,0.035398272123289276,0.035398272123289276,0.0,0.0
0.015309340017762407,0.015309340017762407,0.015309340017762407,0.0,0.0
0.08149871141808407,0.08149871141808407,0.08149871141808407,0.0,0.0
0.019161632162960185,0.019161632162960185,0.019161632162960185,0.0,0.0
-0.0003357604333295017,-0.0003357604333295017,-0.0003357604333295017,0.0,0.0
-0.019479428567034995,-0.019479428567034995,-0.019479428567034995,0.0,0.0
-0.010190116841314656,-0.010190116841314656,-0.010190116841314656,0.0,0.0
-0.019205825423085243,-0.019205825423085243,-0.019205825423085243,0.0,0.0
0.03969309803779031,0.03969309803779031,0.03969309803779031,0.0,0.0
-0.01586492311001131,-0.01586492311001131,-0.01586492311001131,0.0,0.0
0.002241387669677186,0.002241387669677186,0.002241387669677186,0.0,0.0
0.03965251676378778,0.03965251676378778,0.03965251676378778,0.0,0.0
0.02184162219581065,0.02184162219581065,0.02184162219581065,0.0,0.0
0.004291140394100168,0.004291140394100168,0.004291140394100168,0.0,0.0
-0.021283432507340883,-0.021283432507340883,-0.021283432507340883,0.0,0.0
0.00032944699860326665,0.00032944699860326665,0.00032944699860326665,0.0,0.0
-0.03656122346770252,-0.03656122346770252,-0.03656122346770252,0.0,0.0
0.015811876589537865,0.015811876589537865,0.015811876589537865,0.0,0.0
0.033655917796469925,0.033655917796469925,0.033655917796469925,0.0,0.0
0.0168497822186644,0.0168497822186644,0.0168497822186644,0.0,0.0
0.022414401985419108,0.022414401985419108,0.022414401985419108,0.0,0.0
0.04047910153644141,0.04047910153644141,0.04047910153644141,0.0,0.0
-0.0018060030046836983,-0.0018060030046836983,-0.0018060030046836983,0.0,0.0
0.01628355003159454,0.01628355003159454,0.01628355003159454,0.0,0.0
-7.41547994458358e-05,-7.41547994458358e-05,-7.41547994458358e-05,0.0,0.0
0.024258230009921666,0.024258230009921666,0.024258230009921666,0.0,0.0
-0.04686036204385957,-0.04686036204385957,-0.04686036204385957,0.0,0.0
0.03130685671712974,0.03130685671712974,0.03130685671712974,0.0,0.0
0.008915493589708223,0.008915493589708223,0.008915493589708223,0.0,0.0
0.007814170167830703,0.007814170167830703,0.007814170167830703,0.0,0.0
0.041376881037527014,0.041376881037527014,0.041376881037527014,0.0,0.0
-0.000834960880457869,-0.000834960880457869,-0.000834960880457869,0.0,0.0
-0.02806609759965506,-0.02806609759965506,-0.02806609759965506,0.0,0.0
0.006090595267023602,0.006090595267023602,0.006090595267023602,0.0,0.0
0.008047791520481296,0.008047791520481296,0.008047791520481296,0.0,0.0
-0.007206300655317244,-0.007206300655317244,-0.007206300655317244,0.0,0.0
0.0051948523074674124,0.0051948523074674124,0.0051948523074674124,0.0,0.0
-0.013522131367541323,-0.013522131367541323,-0.013522131367541323,0.0,0.0
-0.04722255964418476,-0.04722255964418476,-0.04722255964418476,0.0,0.0
0.01988548444132565,0.01988548444132565,0.01988548444132565,0.0,0.0
0.004800637003917307,0.004800637003917307,0.004800637003917307,0.0,0.0
0.02837184152782335,0.02837184152782335,0.02837184152782335,0.0,0.0
0.04074045792366765,0.04074045792366765,0.04074045792366765,0.0,0.0
0.022457315911882603,0.022457315911882603,0.022457315911882603,0.0,0.0
-0.00839611213118363,-0.00839611213118363,-0.00839611213118363,0.0,0.0
-0.01605359164531739,-0.01605359164531739,-0.01605359164531739,0.0,0.0
0.02085900734925228,0.02085900734925228,0.02085900734925228,0.0,0.0
-0.013621831983099408,-0.013621831983099408,-0.013621831983099408,0.0,0.0
0.0033498394103430584,0.0033498394103430584,0.0033498394103430584,0.0,0.0
-0.032570089769523136,-0.032570089769523136,-0.032570089769523136,0.0,0.0
-0.012889219403744656,-0.012889219403744656,-0.012889219403744656,0.0,0.0
0.04894762508066752,0.04894762508066752,0.04894762508066752,0.0,0.0
-0.007618486605591168,-0.007618486605591168,-0.007618486605591168,0.0,0.0
0.005346566452327561,0.005346566452327561,0.005346566452327561,0.0,0.0
-0.03218122213305541,-0.03218122213305541,-0.03218122213305541,0.0,0.0
-0.04177517113780349,-0.04177517113780349,-0.04177517113780349,0.0,0.0
0.00661669446017199,0.00661669446017199,0.00661669446017199,0.0,0.0
-0.011539692410860947,-0.011539692410860947,-0.011539692410860947,0.0,0.0
0.021501536097877194,0.021501536097877194,0.021501536097877194,0.0,0.0
0.0027485392899699868,0.0027485392899699868,0.0027485392899699868,0.0,0.0
0.011758018654955293,0.011758018654955293,0.011758018654955293,0.0,0.0
0.034792414289372076,0.034792414289372076,0.034792414289372076,0.0,0.0
-0.0004822442423023654,-0.0004822442423023654,-0.0004822442423023654,0.0,0.0
-0.018061427538300978,-0.018061427538300978,-0.018061427538300978,0.0,0.0
-0.025484596143630633,-0.025484596143630633,-0.025484596143630633,0.0,0.0
-0.026943187698908355,-0.026943187698908355,-0.026943187698908355,0.0,0.0
0.03139104045762742,0.03139104045762742,0.03139104045762742,0.0,0.0
-0.01414111603569801,-0.01414111603569801,-0.01414111603569801,0.0,0.0
-0.022498847405359124,-0.022498847405359124,-0.022498847405359124,0.0,0.0
-0.016759867351583302,-0.016759867351583302,-0.016759867351583302,0.0,0.0
-0.012196863234310573,-0.012196863234310573,-0.012196863234310573,0.0,0.0
-0.011350607336730656,-0.011350607336730656,-0.011350607336730656,0.0,0.0
0.013730391877144754,0.013730391877144754,0.013730391877144754,0.0,0.0
0.03076226508873603,0.03076226508873603,0.03076226508873603,0.0,0.0
0.03689676980343015,0.03689676980343015,0.03689676980343015,0.0,0.0
0.003937965031438617,0.003937965031438617,0.003937965031438617,0.0,0.0
-0.0020682468117294572,-0.0020682468117294572,-0.0020682468117294572,0.0,0.0
-0.020867661063857512,-0.020867661063857512,-0.020867661063857512,0.0,0.0
0.0035034831548657053,0.0035034831548657053,0.0035034831548657053,0.0,0.0
-0.023274381763307983,-0.023274381763307983,-0.023274381763307983,0.0,0.0
